City_ID,City,Country,Lat,Lng,Max Temp,Humidity,Cloudiness,Wind Speed,Description,Date
0,Ilulissat,GL,69.2167,-51.1,19.42,58,100,16.11,overcast clouds,2022-02-04 02:49:49
1,Vallenar,CL,-28.5708,-70.7581,65.66,62,0,2.57,clear sky,2022-02-04 02:49:49
2,Iqaluit,CA,63.7506,-68.5145,-9.67,64,75,4.61,light snow,2022-02-04 02:49:00
3,Hithadhoo,MV,-0.6,73.0833,81.64,74,100,10.09,overcast clouds,2022-02-04 02:46:14
4,Ixtapa,MX,20.7,-105.2,65.07,81,73,2.19,broken clouds,2022-02-04 02:49:50
5,Yar-Sale,RU,66.8333,70.8333,-2.74,98,99,5.08,overcast clouds,2022-02-04 02:49:50
6,Taoudenni,ML,22.6783,-3.9836,61.5,20,36,10.07,scattered clouds,2022-02-04 02:49:50
7,Cape Town,ZA,-33.9258,18.4232,62.28,73,0,5.01,clear sky,2022-02-04 02:47:29
8,Hami,CN,42.8,93.45,24.12,33,14,1.77,few clouds,2022-02-04 02:49:51
9,Butaritari,KI,3.0707,172.7902,81.9,76,17,14.52,light rain,2022-02-04 02:48:42
10,Bredasdorp,ZA,-34.5322,20.0403,60.12,72,100,3.44,overcast clouds,2022-02-04 02:44:56
11,Rikitea,PF,-23.1203,-134.9692,78.08,74,100,18.41,overcast clouds,2022-02-04 02:49:51
12,Bubaque,GW,11.2833,-15.8333,77.11,71,0,7.07,clear sky,2022-02-04 02:49:51
13,Hilo,US,19.7297,-155.09,76.73,78,100,9.22,overcast clouds,2022-02-04 02:48:48
14,Havre-Saint-Pierre,CA,50.2334,-63.5986,10.99,61,75,13.8,broken clouds,2022-02-04 02:45:46
15,Kaitangata,NZ,-46.2817,169.8464,49.05,96,100,2.73,light rain,2022-02-04 02:45:31
16,Hermanus,ZA,-34.4187,19.2345,60.91,72,100,9.33,overcast clouds,2022-02-04 02:49:52
17,Tiksi,RU,71.6872,128.8694,-11.69,100,100,7.02,overcast clouds,2022-02-04 02:49:52
18,Klaksvik,FO,62.2266,-6.589,36.52,81,99,49.82,overcast clouds,2022-02-04 02:49:53
19,Kangaatsiaq,GL,68.3065,-53.4641,11.19,79,100,29.82,overcast clouds,2022-02-04 02:49:53
20,Ouegoa,NC,-20.35,164.4333,84.6,79,98,9.62,moderate rain,2022-02-04 02:49:53
21,Avarua,CK,-21.2078,-159.775,84.25,74,20,17.27,few clouds,2022-02-04 02:45:35
22,Mehamn,NO,71.0357,27.8492,18.57,83,84,12.57,broken clouds,2022-02-04 02:49:54
23,Podgorodnyaya Pokrovka,RU,51.8281,54.9874,21.33,87,100,8.81,overcast clouds,2022-02-04 02:49:54
24,Airai,TL,-8.9266,125.4092,73.17,63,74,4.68,broken clouds,2022-02-04 02:49:54
25,Punta Arenas,CL,-53.15,-70.9167,44.71,57,75,8.05,broken clouds,2022-02-04 02:49:50
26,Hargeysa,SO,9.56,44.065,53.8,43,4,7.7,clear sky,2022-02-04 02:49:55
27,Tuktoyaktuk,CA,69.4541,-133.0374,-22.0,76,75,9.22,light snow,2022-02-04 02:45:30
28,Castro,BR,-24.7911,-50.0119,64.47,98,100,5.01,overcast clouds,2022-02-04 02:49:40
29,Kalachinsk,RU,55.0529,74.5751,13.26,83,99,12.21,overcast clouds,2022-02-04 02:49:55
30,Barrow,US,71.2906,-156.7887,-27.38,83,100,4.61,mist,2022-02-04 02:46:21
31,Alta Floresta,BR,-9.8756,-56.0861,75.02,100,0,3.44,clear sky,2022-02-04 02:49:56
32,Busselton,AU,-33.65,115.3333,98.04,33,57,15.95,broken clouds,2022-02-04 02:48:28
33,Wyndham,US,37.6985,-77.6125,62.38,88,75,1.99,broken clouds,2022-02-04 02:49:56
34,Vaini,TO,-21.2,-175.2,86.16,79,75,10.36,broken clouds,2022-02-04 02:49:57
35,Esperance,AU,-33.8667,121.9,80.44,46,2,9.04,clear sky,2022-02-04 02:49:57
36,Mitsamiouli,KM,-11.3847,43.2844,82.08,77,100,10.56,overcast clouds,2022-02-04 02:49:57
37,Cape Canaveral,US,28.4058,-80.6048,71.67,85,0,9.22,clear sky,2022-02-04 02:45:29
38,Yellowknife,CA,62.456,-114.3525,-28.44,75,0,5.75,clear sky,2022-02-04 02:47:42
39,Gat,IL,31.61,34.7642,53.4,5,9,12.97,clear sky,2022-02-04 02:49:58
40,Bam,IR,29.106,58.357,48.06,26,0,1.63,clear sky,2022-02-04 02:49:58
41,Georgetown,MY,5.4112,100.3354,87.73,79,20,3.0,few clouds,2022-02-04 02:45:11
42,Mataura,NZ,-46.1927,168.8643,52.48,99,100,2.84,light rain,2022-02-04 02:48:14
43,Kavaratti,IN,10.5669,72.642,79.2,65,3,8.57,clear sky,2022-02-04 02:50:57
44,Nanortalik,GL,60.1432,-45.2371,26.46,95,100,12.82,snow,2022-02-04 02:50:59
45,Tasiilaq,GL,65.6145,-37.6368,14.16,60,85,6.13,overcast clouds,2022-02-04 02:47:29
46,Dikson,RU,73.5069,80.5464,-7.19,94,100,5.55,overcast clouds,2022-02-04 02:50:59
47,Cabo San Lucas,MX,22.8909,-109.9124,67.51,58,38,5.68,scattered clouds,2022-02-04 02:49:45
48,Lakes Entrance,AU,-37.8811,147.981,70.16,58,43,7.63,scattered clouds,2022-02-04 02:50:59
49,Souillac,MU,-20.5167,57.5167,80.98,94,75,24.16,light rain,2022-02-04 02:51:00
50,Richards Bay,ZA,-28.783,32.0377,75.7,95,94,8.9,moderate rain,2022-02-04 02:47:32
51,Asau,RO,46.4333,26.4,20.32,90,24,6.04,few clouds,2022-02-04 02:51:00
52,Arraial Do Cabo,BR,-22.9661,-42.0278,75.38,91,100,9.24,overcast clouds,2022-02-04 02:51:00
53,Ushuaia,AR,-54.8,-68.3,42.46,70,75,23.02,broken clouds,2022-02-04 02:51:01
54,Mar Del Plata,AR,-38.0023,-57.5575,70.09,94,100,0.0,fog,2022-02-04 02:47:34
55,Andenes,NO,69.3143,16.1194,22.98,68,100,32.21,overcast clouds,2022-02-04 02:51:01
56,Reforma,MX,18.1,-91.0167,76.01,65,6,6.87,clear sky,2022-02-04 02:51:02
57,Ahipara,NZ,-35.1667,173.1667,77.23,69,66,14.2,broken clouds,2022-02-04 02:51:02
58,Nuuk,GL,64.1835,-51.7216,10.92,95,100,7.58,light snow,2022-02-04 02:51:02
59,Sovetskiy,RU,61.3614,63.5842,14.99,97,99,3.76,overcast clouds,2022-02-04 02:47:59
60,Tuatapere,NZ,-46.1333,167.6833,51.82,92,100,4.68,heavy intensity rain,2022-02-04 02:51:03
61,Hofn,IS,64.2539,-15.2082,28.96,57,100,20.58,overcast clouds,2022-02-04 02:51:03
62,Jitra,MY,6.2681,100.4217,82.29,74,20,7.0,few clouds,2022-02-04 02:51:03
63,Plettenberg Bay,ZA,-34.0527,23.3716,63.48,81,100,5.48,light rain,2022-02-04 02:51:04
64,Khatanga,RU,71.9667,102.5,-32.01,100,90,4.41,overcast clouds,2022-02-04 02:49:02
65,Hoi An,VN,15.8794,108.335,73.36,80,100,5.77,overcast clouds,2022-02-04 02:51:04
66,Severo-Kurilsk,RU,50.6789,156.125,31.12,90,100,10.83,light snow,2022-02-04 02:46:23
67,Labuhan,ID,-6.8844,112.2051,83.82,72,86,5.3,overcast clouds,2022-02-04 02:51:05
68,Sao Jose Da Coroa Grande,BR,-8.8978,-35.1478,78.69,75,93,8.95,overcast clouds,2022-02-04 02:51:05
69,Amur,RU,54.0,128.0,-6.92,76,100,8.23,overcast clouds,2022-02-04 02:51:05
70,Vostok,RU,46.4856,135.8833,1.51,84,99,5.03,overcast clouds,2022-02-04 02:51:05
71,Rajpipla,IN,21.8667,73.5,64.35,28,3,2.35,clear sky,2022-02-04 02:51:06
72,Albany,US,42.6001,-73.9662,38.48,91,100,3.0,snow,2022-02-04 02:48:03
73,Puerto Ayora,EC,-0.7393,-90.3518,75.54,93,7,1.99,clear sky,2022-02-04 02:51:06
74,Mao,ES,39.8885,4.2658,48.76,93,20,6.91,few clouds,2022-02-04 02:51:06
75,Catamarca,AR,-28.4696,-65.7852,75.04,74,1,6.98,clear sky,2022-02-04 02:51:07
76,Maneadero,MX,31.7167,-116.5667,55.09,66,0,1.99,clear sky,2022-02-04 02:51:07
77,Port Elizabeth,ZA,-33.918,25.5701,67.1,77,0,14.97,clear sky,2022-02-04 02:46:51
78,Ribeira Grande,PT,38.5167,-28.7,58.6,75,100,17.43,overcast clouds,2022-02-04 02:46:23
79,Kiruna,SE,67.8557,20.2251,-1.28,92,100,2.3,overcast clouds,2022-02-04 02:51:08
80,Tomatlan,MX,19.9333,-105.25,65.05,81,81,1.79,broken clouds,2022-02-04 02:51:08
81,Dayong,CN,25.0209,118.2898,55.08,89,100,2.13,overcast clouds,2022-02-04 02:51:08
82,Sisimiut,GL,66.9395,-53.6735,10.69,76,85,30.44,overcast clouds,2022-02-04 02:51:09
83,Northam,GB,51.0333,-4.2167,51.03,92,100,25.17,overcast clouds,2022-02-04 02:51:09
84,Taree,AU,-31.9,152.4667,73.33,68,40,16.11,scattered clouds,2022-02-04 02:51:09
85,Lebu,CL,-37.6167,-73.65,59.52,92,13,13.76,few clouds,2022-02-04 02:48:33
86,Thompson,CA,55.7435,-97.8558,-21.84,76,0,5.75,clear sky,2022-02-04 02:47:47
87,Saint-Philippe,RE,-21.3585,55.7679,80.15,92,100,32.41,moderate rain,2022-02-04 02:46:38
88,Ilanskiy,RU,56.2358,96.065,4.42,88,100,5.99,overcast clouds,2022-02-04 02:51:10
89,Alofi,NU,-19.0595,-169.9187,79.3,78,100,18.88,light rain,2022-02-04 02:52:10
90,Coruripe,BR,-10.1256,-36.1756,78.06,75,69,9.46,broken clouds,2022-02-04 02:52:10
91,New Norfolk,AU,-42.7826,147.0587,71.65,34,3,3.0,clear sky,2022-02-04 02:50:54
92,Chokurdakh,RU,70.6333,147.9167,-27.18,100,67,0.94,broken clouds,2022-02-04 02:49:15
93,Paramonga,PE,-10.6667,-77.8333,71.1,82,66,8.03,broken clouds,2022-02-04 02:52:11
94,Hovd,MN,48.0056,91.6419,-5.89,81,22,2.13,few clouds,2022-02-04 02:51:39
95,Xichang,CN,27.8964,102.2634,43.18,89,94,2.64,overcast clouds,2022-02-04 02:52:12
96,Hobart,AU,-42.8794,147.3294,72.01,47,11,1.01,few clouds,2022-02-04 02:49:49
97,Sao Filipe,CV,14.8961,-24.4956,72.52,77,0,8.75,clear sky,2022-02-04 02:50:28
98,Churachandpur,IN,24.3333,93.6667,58.77,58,55,3.56,broken clouds,2022-02-04 02:52:12
99,Nikolskoye,RU,59.7035,30.7861,1.29,100,100,2.77,overcast clouds,2022-02-04 02:47:40
100,Jamestown,US,42.097,-79.2353,23.09,67,100,5.01,snow,2022-02-04 02:50:54
101,Najran,SA,17.4924,44.1277,52.45,34,5,5.41,clear sky,2022-02-04 02:52:13
102,Svarstad,NO,59.399,9.9698,40.82,84,100,9.28,overcast clouds,2022-02-04 02:52:13
103,Kodiak,US,57.79,-152.4072,38.71,87,100,12.66,mist,2022-02-04 02:52:13
104,Kyshtovka,RU,56.555,76.6271,15.31,85,100,13.87,overcast clouds,2022-02-04 02:52:14
105,Lerici,IT,44.0759,9.9112,53.01,91,100,8.39,overcast clouds,2022-02-04 02:52:14
106,Calafell,ES,41.2,1.5683,55.38,62,100,6.06,overcast clouds,2022-02-04 02:52:14
107,Jumla,NP,29.2747,82.1838,34.86,94,100,6.22,snow,2022-02-04 02:52:15
108,Gamba,GA,-2.65,10.0,73.94,89,100,2.1,overcast clouds,2022-02-04 02:52:15
109,Were Ilu,ET,10.6,39.4333,47.07,44,64,5.1,broken clouds,2022-02-04 02:52:15
110,Guerrero Negro,MX,27.9769,-114.0611,59.18,30,0,15.28,clear sky,2022-02-04 02:52:16
111,Ngunguru,NZ,-35.6167,174.5,76.15,82,33,13.47,scattered clouds,2022-02-04 02:52:16
112,Kiunga,PG,-6.1219,141.2906,94.1,44,18,3.49,few clouds,2022-02-04 02:49:51
113,Qaanaaq,GL,77.484,-69.3632,-13.45,56,99,8.46,overcast clouds,2022-02-04 02:52:16
114,Lerwick,GB,60.1545,-1.1494,37.4,47,100,29.28,overcast clouds,2022-02-04 02:52:17
115,Hualmay,PE,-11.0964,-77.6139,70.56,82,83,8.48,broken clouds,2022-02-04 02:52:17
116,Kahului,US,20.8947,-156.47,79.86,64,20,18.41,few clouds,2022-02-04 02:52:17
117,Diego De Almagro,CL,-26.3667,-70.05,63.64,40,0,1.57,clear sky,2022-02-04 02:52:17
118,Angoche,MZ,-16.2325,39.9086,74.25,91,100,5.03,overcast clouds,2022-02-04 02:52:18
119,Port Alfred,ZA,-33.5906,26.891,69.89,74,97,15.95,overcast clouds,2022-02-04 02:52:10
120,East London,ZA,-33.0153,27.9116,69.28,80,100,15.37,light rain,2022-02-04 02:47:34
121,Orzu,TJ,37.5593,68.8184,32.4,51,0,5.77,clear sky,2022-02-04 02:52:18
122,Thinadhoo,MV,0.5333,72.9333,81.95,70,75,8.46,broken clouds,2022-02-04 02:48:35
123,Ponta Do Sol,PT,32.6667,-17.1,66.0,71,25,4.09,scattered clouds,2022-02-04 02:52:19
124,Comodoro Rivadavia,AR,-45.8667,-67.5,60.66,88,40,0.0,scattered clouds,2022-02-04 02:52:19
125,Dangtu,CN,31.5723,118.4928,41.05,65,46,3.67,scattered clouds,2022-02-04 02:52:19
126,Limoeiro Do Ajuru,BR,-1.8953,-49.3806,75.63,92,100,7.65,overcast clouds,2022-02-04 02:52:20
127,Bonavista,CA,48.6499,-53.1147,39.11,89,100,27.2,overcast clouds,2022-02-04 02:52:20
128,Atuona,PF,-9.8,-139.0333,79.0,72,4,17.02,clear sky,2022-02-04 02:52:20
129,Porgera,PG,-5.4667,143.2,59.83,46,94,6.8,overcast clouds,2022-02-04 02:52:21
130,Mushie,CD,-3.0167,16.9,70.45,92,100,0.6,overcast clouds,2022-02-04 02:52:21
131,Ugleuralskiy,RU,58.9534,57.5846,4.87,100,100,1.79,overcast clouds,2022-02-04 02:52:21
132,Saint George,US,37.1041,-113.5841,41.59,32,0,1.01,clear sky,2022-02-04 02:52:22
133,Adrar,MR,20.5022,-10.0711,60.08,21,0,9.93,clear sky,2022-02-04 02:51:49
134,Hatillo,PR,18.4863,-66.8254,76.08,92,99,1.99,overcast clouds,2022-02-04 02:52:22
135,Yuci,CN,37.6803,112.7319,26.35,28,0,11.18,clear sky,2022-02-04 02:53:22
136,Necochea,AR,-38.5473,-58.7368,66.04,94,100,7.05,overcast clouds,2022-02-04 02:53:23
137,Maymyo,MM,22.0333,96.4667,64.13,40,0,2.64,clear sky,2022-02-04 02:53:23
138,Tucumcari,US,35.1717,-103.725,5.94,96,72,2.82,broken clouds,2022-02-04 02:53:23
139,Puerto Escondido,MX,15.85,-97.0667,75.6,71,0,2.77,clear sky,2022-02-04 02:52:03
140,Gouyave,GD,12.1646,-61.7296,75.97,78,20,3.44,few clouds,2022-02-04 02:53:24
141,Upernavik,GL,72.7868,-56.1549,4.57,67,100,6.62,overcast clouds,2022-02-04 02:49:23
142,Anloga,GH,5.7947,0.8973,80.82,81,0,6.02,light rain,2022-02-04 02:53:24
143,Kapaa,US,22.0752,-159.319,78.78,67,0,1.01,clear sky,2022-02-04 02:49:29
144,Argostolion,GR,38.1811,20.489,45.34,46,4,3.53,clear sky,2022-02-04 02:53:25
145,Tessalit,ML,20.1986,1.0114,55.69,18,0,11.63,clear sky,2022-02-04 02:53:25
146,Mount Gambier,AU,-37.8333,140.7667,71.51,43,75,12.66,broken clouds,2022-02-04 02:53:25
147,Ayagoz,KZ,47.9714,80.4392,-10.41,94,87,6.2,overcast clouds,2022-02-04 02:53:26
148,Khromtau,KZ,50.2503,58.4347,13.68,87,99,9.86,overcast clouds,2022-02-04 02:53:26
149,Vestmannaeyjar,IS,63.4427,-20.2734,27.77,68,27,34.09,scattered clouds,2022-02-04 02:49:05
150,Kawalu,ID,-7.3817,108.2082,86.58,56,28,1.63,scattered clouds,2022-02-04 02:53:26
151,Angouleme,FR,45.65,0.15,45.55,92,100,4.61,mist,2022-02-04 02:53:27
152,Marawi,PH,7.9986,124.2928,71.65,86,100,2.17,moderate rain,2022-02-04 02:53:27
153,Wenling,CN,28.3669,121.36,45.91,75,94,13.94,overcast clouds,2022-02-04 02:53:27
154,Sitka,US,57.0531,-135.33,44.49,81,100,19.57,mist,2022-02-04 02:50:29
155,Villers-Les-Nancy,FR,48.671,6.1508,42.39,97,100,5.75,mist,2022-02-04 02:53:28
156,Sibu,MY,2.3,111.8167,80.91,88,40,5.99,scattered clouds,2022-02-04 02:53:28
157,Ndjole,GA,-0.1783,10.7649,73.94,97,100,2.04,light rain,2022-02-04 02:53:28
158,Evensk,RU,61.95,159.2333,16.99,44,39,24.47,scattered clouds,2022-02-04 02:53:28
159,Bethel,US,41.3712,-73.414,48.47,92,100,6.91,light rain,2022-02-04 02:49:31
160,Jalu,LY,29.0331,21.5482,49.5,62,6,11.99,clear sky,2022-02-04 02:53:29
161,Guiberoua,CI,6.2392,-6.1727,68.36,99,23,2.26,few clouds,2022-02-04 02:53:29
162,Caconda,AO,-13.7333,15.0667,57.25,85,100,2.62,overcast clouds,2022-02-04 02:53:29
163,Ilhabela,BR,-23.7781,-45.3581,75.72,92,87,8.68,overcast clouds,2022-02-04 02:50:39
164,Beloha,MG,-25.1667,45.05,71.22,92,6,9.62,clear sky,2022-02-04 02:53:30
165,Kangalassy,RU,62.3464,129.9628,-18.08,90,100,6.44,overcast clouds,2022-02-04 02:53:30
166,Alvdal,NO,62.1077,10.6307,26.44,95,100,11.39,light snow,2022-02-04 02:53:31
167,Torbay,CA,47.6666,-52.7314,38.57,87,100,16.11,light rain,2022-02-04 02:53:31
168,Moron,AR,-34.6534,-58.6198,73.15,89,0,5.14,clear sky,2022-02-04 02:53:31
169,Nuoro,IT,40.3211,9.3297,45.59,63,100,5.46,overcast clouds,2022-02-04 02:53:31
170,San Andres,CO,12.5847,-81.7006,80.62,78,20,9.22,few clouds,2022-02-04 02:49:32
171,Sola,VU,-13.8833,167.55,80.6,78,100,10.71,light rain,2022-02-04 02:53:32
172,Longyearbyen,SJ,78.2186,15.6401,15.64,73,75,6.91,broken clouds,2022-02-04 02:53:32
173,Maralal,KE,1.0968,36.698,59.5,65,100,6.35,overcast clouds,2022-02-04 02:53:32
174,Mahebourg,MU,-20.4081,57.7,80.89,94,75,24.16,broken clouds,2022-02-04 02:53:33
175,Altay,CN,47.8667,88.1167,5.97,63,5,6.26,clear sky,2022-02-04 02:53:33
176,Cherskiy,RU,68.75,161.3,-28.86,99,16,3.36,few clouds,2022-02-04 02:51:07
177,Mecca,SA,21.4267,39.8261,70.65,87,43,3.24,scattered clouds,2022-02-04 02:52:57
178,Leningradskiy,RU,69.3833,178.4167,-9.36,82,2,7.96,clear sky,2022-02-04 02:53:33
179,Ostrovnoy,RU,68.0531,39.5131,12.72,96,100,4.45,overcast clouds,2022-02-04 02:53:34
180,Scarborough,GB,54.2797,-0.4044,43.09,87,100,1.99,overcast clouds,2022-02-04 02:53:34
181,Rocha,UY,-34.4833,-54.3333,69.96,98,100,3.71,moderate rain,2022-02-04 02:53:34
182,Devils Lake,US,48.1128,-98.8651,-2.06,79,75,8.99,broken clouds,2022-02-04 02:54:10
183,Meulaboh,ID,4.1363,96.1285,81.93,69,84,2.73,moderate rain,2022-02-04 02:52:06
184,Tirano,IT,46.2154,10.1679,45.46,81,27,4.05,scattered clouds,2022-02-04 02:54:35
185,Cockburn Town,TC,21.4612,-71.1419,75.78,70,1,19.84,clear sky,2022-02-04 02:54:35
186,Nabire,ID,-3.3667,135.4833,79.38,84,100,4.09,overcast clouds,2022-02-04 02:54:35
187,Zemio,CF,5.0314,25.1361,72.48,34,97,2.8,overcast clouds,2022-02-04 02:54:36
188,Salalah,OM,17.0151,54.0924,70.63,36,5,8.79,clear sky,2022-02-04 02:51:04
189,Lavrentiya,RU,65.5833,-171.0,1.08,56,0,22.12,clear sky,2022-02-04 02:53:36
190,Faanui,PF,-16.4833,-151.75,81.28,70,1,15.12,clear sky,2022-02-04 02:53:22
191,Hunterville,NZ,-39.9333,175.5667,91.24,23,9,9.55,clear sky,2022-02-04 02:54:36
192,Poum,NC,-20.2333,164.0167,82.42,85,89,14.05,light rain,2022-02-04 02:54:37
193,Avanigadda,IN,16.0215,80.9181,71.74,69,43,7.81,scattered clouds,2022-02-04 02:54:37
194,Tandil,AR,-37.3217,-59.1332,62.24,92,33,1.7,light rain,2022-02-04 02:54:37
195,Boende,CD,-0.2167,20.8667,67.19,93,95,3.0,overcast clouds,2022-02-04 02:54:38
196,Lahstedt,DE,52.2483,10.2325,44.98,83,100,1.99,overcast clouds,2022-02-04 02:54:38
197,Bluff,NZ,-46.6,168.3333,51.8,84,100,3.29,light rain,2022-02-04 02:54:38
198,Pontes E Lacerda,BR,-15.2261,-59.3353,72.16,97,100,2.37,overcast clouds,2022-02-04 02:51:14
199,Shache,CN,38.4167,77.2406,27.1,42,95,3.6,overcast clouds,2022-02-04 02:54:39
200,Bambous Virieux,MU,-20.3428,57.7575,80.85,94,75,24.16,light rain,2022-02-04 02:54:39
201,Vila,PT,42.0304,-8.1588,42.33,85,100,3.04,overcast clouds,2022-02-04 02:50:13
202,Yaan,NG,7.3833,8.5667,76.42,13,10,8.9,clear sky,2022-02-04 02:54:39
203,Ambilobe,MG,-13.2,49.05,75.36,93,97,6.93,light rain,2022-02-04 02:54:40
204,Uruana,BR,-15.4981,-49.6875,69.96,92,93,1.03,overcast clouds,2022-02-04 02:54:40
205,La Roda,ES,39.2167,-2.15,46.9,66,68,8.97,broken clouds,2022-02-04 02:54:40
206,Takoradi,GH,4.8845,-1.7554,78.49,84,2,5.53,clear sky,2022-02-04 02:54:41
207,Ende,ID,-8.8432,121.6623,84.11,73,77,7.25,broken clouds,2022-02-04 02:54:41
208,Padang,ID,-0.9492,100.3543,80.65,70,92,2.55,overcast clouds,2022-02-04 02:52:13
209,Oriximina,BR,-1.7656,-55.8661,75.67,90,99,5.82,overcast clouds,2022-02-04 02:50:08
210,Verkhnyaya Inta,RU,65.9811,60.3094,13.84,96,100,4.94,overcast clouds,2022-02-04 02:54:41
211,Banfora,BF,10.6333,-4.7667,70.43,12,0,4.79,clear sky,2022-02-04 02:54:42
212,Luderitz,NA,-26.6481,15.1594,68.16,70,1,15.68,clear sky,2022-02-04 02:54:42
213,Tilichiki,RU,60.4667,166.1,4.28,79,100,9.71,overcast clouds,2022-02-04 02:54:42
214,Inhambane,MZ,-23.865,35.3833,75.85,87,3,1.77,clear sky,2022-02-04 02:54:43
215,Puerto Madryn,AR,-42.7692,-65.0385,71.82,52,100,16.06,overcast clouds,2022-02-04 02:54:43
216,Vondrozo,MG,-22.8167,47.2833,68.38,97,83,4.83,light rain,2022-02-04 02:54:43
217,Arroyo Grande,US,35.1186,-120.5907,55.69,70,0,3.44,clear sky,2022-02-04 02:54:44
218,Sur,OM,22.5667,59.5289,67.5,48,0,2.93,clear sky,2022-02-04 02:51:50
219,Okhotsk,RU,59.3833,143.3,9.66,74,87,15.5,overcast clouds,2022-02-04 02:54:44
220,Osorno,CL,-40.5667,-73.15,63.25,82,0,3.44,clear sky,2022-02-04 02:54:44
221,Wanning,CN,18.8003,110.3967,65.91,86,100,11.18,overcast clouds,2022-02-04 02:54:45
222,Mamallapuram,IN,12.6264,80.1722,78.85,72,7,6.76,clear sky,2022-02-04 02:54:45
223,Mpika,ZM,-11.8343,31.4529,61.74,97,100,7.11,light rain,2022-02-04 02:54:45
224,Sarai,RU,53.7458,41.0213,21.34,96,100,8.84,snow,2022-02-04 02:54:46
225,Pangnirtung,CA,66.1451,-65.7125,-13.88,99,100,4.03,light snow,2022-02-04 02:54:46
226,Doha,QA,25.2867,51.5333,58.98,88,0,1.14,clear sky,2022-02-04 02:51:04
227,Alto Lucero,MX,19.6167,-96.7167,61.52,91,64,6.98,broken clouds,2022-02-04 02:54:46
228,Vila Velha,BR,-20.3297,-40.2925,76.95,94,75,1.01,broken clouds,2022-02-04 02:54:47
229,Monze,ZM,-16.2833,27.4833,64.11,98,96,2.89,overcast clouds,2022-02-04 02:55:47
230,Bandarbeyla,SO,9.4942,50.8122,72.19,71,5,12.21,clear sky,2022-02-04 02:55:47
231,Tigil,RU,57.8,158.6667,15.35,88,75,2.21,broken clouds,2022-02-04 02:55:47
232,Shelburne,CA,44.0787,-80.2041,10.9,89,100,12.03,overcast clouds,2022-02-04 02:55:48
233,Karratha,AU,-20.7377,116.8463,93.4,41,75,11.88,broken clouds,2022-02-04 02:51:08
234,Jiayuguan,CN,39.8167,98.3,17.04,37,70,5.55,broken clouds,2022-02-04 02:55:48
235,Erenhot,CN,43.6475,111.9767,4.01,76,12,6.35,few clouds,2022-02-04 02:55:48
236,Sao Joao Da Barra,BR,-21.6403,-41.0511,73.47,97,98,5.75,overcast clouds,2022-02-04 02:52:11
237,Fourmies,FR,50.0153,4.0478,43.09,95,100,11.1,overcast clouds,2022-02-04 02:55:49
238,La Plata,AR,-34.9215,-57.9545,73.98,87,38,7.07,scattered clouds,2022-02-04 02:55:49
239,Lucapa,AO,-8.4192,20.7447,62.94,99,100,0.78,overcast clouds,2022-02-04 02:55:49
240,Vieste,IT,41.8825,16.175,50.29,56,100,11.7,overcast clouds,2022-02-04 02:55:50
241,Aklavik,CA,68.2191,-135.0107,-21.17,99,15,7.52,few clouds,2022-02-04 02:55:50
242,Lorengau,PG,-2.0226,147.2712,84.7,63,100,9.17,overcast clouds,2022-02-04 02:55:50
243,Zhigansk,RU,66.7697,123.3711,-28.12,98,92,2.89,overcast clouds,2022-02-04 02:55:51
244,Prado,BR,-17.3411,-39.2208,76.57,90,68,5.59,broken clouds,2022-02-04 02:51:13
245,Gondanglegi,ID,-7.7479,112.0132,83.12,72,100,0.63,overcast clouds,2022-02-04 02:55:51
246,Rosarito,MX,32.3333,-117.0333,57.38,33,0,5.35,clear sky,2022-02-04 02:55:51
247,Xuddur,SO,4.1213,43.8894,67.66,70,100,17.9,overcast clouds,2022-02-04 02:55:52
248,Constitucion,CL,-35.3333,-72.4167,58.37,92,47,9.19,scattered clouds,2022-02-04 02:55:52
249,Banepa,NP,27.6298,85.5214,44.92,87,75,14.97,broken clouds,2022-02-04 02:55:52
250,Itapage,BR,-3.6867,-39.5861,72.7,92,82,2.89,broken clouds,2022-02-04 02:55:53
251,Abu Kamal,SY,34.4506,40.9171,51.03,48,100,10.33,overcast clouds,2022-02-04 02:55:53
252,Lethem,GY,3.3803,-59.7968,82.04,61,38,11.34,scattered clouds,2022-02-04 02:55:53
253,Erzin,TR,36.9559,36.2,45.12,85,100,8.01,overcast clouds,2022-02-04 02:53:32
254,Christchurch,NZ,-43.5333,172.6333,64.9,84,100,1.99,light rain,2022-02-04 02:55:54
255,Bucerias,MX,20.75,-105.3333,66.78,79,63,2.73,broken clouds,2022-02-04 02:55:54
256,Saskylakh,RU,71.9167,114.0833,-15.02,97,100,1.81,overcast clouds,2022-02-04 02:55:54
257,Valparaiso,CL,-33.0393,-71.6273,63.52,82,0,0.0,clear sky,2022-02-04 02:55:55
258,Matay,EG,28.419,30.7792,50.13,51,5,12.66,clear sky,2022-02-04 02:52:52
259,Martinsville,US,36.6915,-79.8725,60.28,100,100,0.0,overcast clouds,2022-02-04 02:55:55
260,Safford,US,32.834,-109.7076,41.11,27,0,4.83,clear sky,2022-02-04 02:55:55
261,Ukiah,US,39.1502,-123.2078,55.29,70,0,0.0,clear sky,2022-02-04 02:55:02
262,Rioblanco,CO,3.5308,-75.6806,60.8,84,100,5.61,overcast clouds,2022-02-04 02:55:56
263,Svetlogorsk,BY,52.6333,29.7333,4.51,99,78,4.34,broken clouds,2022-02-04 02:55:56
264,Shimoda,JP,34.6667,138.95,46.76,64,100,1.74,overcast clouds,2022-02-04 02:54:14
265,Namibe,AO,-15.1961,12.1522,70.68,78,3,5.75,clear sky,2022-02-04 02:55:56
266,Provideniya,RU,64.3833,-173.3,2.77,58,8,23.31,clear sky,2022-02-04 02:52:18
267,Pedreiras,BR,-4.5688,-44.6003,73.26,97,88,3.56,overcast clouds,2022-02-04 02:55:57
268,Margate,GB,51.3813,1.3862,48.88,84,100,20.8,overcast clouds,2022-02-04 02:55:57
269,Menongue,AO,-14.6585,17.691,60.93,96,100,1.74,overcast clouds,2022-02-04 02:55:57
270,Greystones,IE,53.1408,-6.0631,40.87,89,100,12.26,moderate rain,2022-02-04 02:55:58
271,Brewster,US,41.3973,-73.6171,48.15,96,100,6.91,moderate rain,2022-02-04 02:55:58
272,Batemans Bay,AU,-35.7167,150.1833,71.98,69,59,11.59,light rain,2022-02-04 02:55:58
273,San Jose De Guanipa,VE,8.8872,-64.1651,76.35,65,44,13.35,scattered clouds,2022-02-04 02:55:59
274,Nizwa,OM,22.9333,57.5333,59.86,57,0,1.36,clear sky,2022-02-04 02:55:59
275,Hasaki,JP,35.7333,140.8333,46.29,57,100,8.55,overcast clouds,2022-02-04 02:53:32
276,Tukrah,LY,32.5341,20.5791,53.64,56,29,21.72,scattered clouds,2022-02-04 02:56:59
277,Walvis Bay,NA,-22.9575,14.5053,66.09,80,4,9.28,clear sky,2022-02-04 02:57:00
278,Yumen,CN,40.2833,97.2,17.44,30,86,12.44,overcast clouds,2022-02-04 02:57:00
279,Tingi,TZ,-11.3,35.0333,63.7,90,100,1.36,overcast clouds,2022-02-04 02:57:00
280,Killybegs,IE,54.6333,-8.45,36.45,61,100,23.26,overcast clouds,2022-02-04 02:57:00
281,Bengkulu,ID,-3.8004,102.2655,79.25,80,98,2.98,overcast clouds,2022-02-04 02:54:52
282,Iskateley,RU,67.6803,53.1512,3.92,97,100,3.47,overcast clouds,2022-02-04 02:57:01
283,Bikin,RU,46.8161,134.26,4.19,81,79,2.95,broken clouds,2022-02-04 02:57:01
284,Nishihara,JP,26.1842,127.7558,62.26,88,75,19.57,broken clouds,2022-02-04 02:57:01
285,Coolum Beach,AU,-26.5333,153.1,81.1,71,35,5.99,scattered clouds,2022-02-04 02:57:02
286,Sambava,MG,-14.2667,50.1667,74.93,88,100,5.41,overcast clouds,2022-02-04 02:54:19
287,Verkhnevilyuysk,RU,63.4453,120.3167,-18.13,97,64,3.65,broken clouds,2022-02-04 02:57:02
288,Karatau,KZ,43.1667,70.4667,27.34,94,40,1.43,scattered clouds,2022-02-04 02:57:02
289,Mumford,GH,5.2618,-0.759,78.91,83,16,5.26,few clouds,2022-02-04 02:57:03
290,Mazagao,BR,-0.115,-51.2894,80.65,97,100,3.67,overcast clouds,2022-02-04 02:57:03
291,Lubumbashi,CD,-11.6609,27.4794,62.53,98,100,6.46,moderate rain,2022-02-04 02:57:04
292,Narsaq,GL,60.9167,-46.05,23.85,96,100,7.7,snow,2022-02-04 02:53:21
293,Ndele,CF,8.4109,20.6473,68.32,21,36,5.41,scattered clouds,2022-02-04 02:57:04
294,Andros Town,BS,24.7,-77.7667,73.36,68,17,19.64,few clouds,2022-02-04 02:57:04
295,Susuman,RU,62.7833,148.1667,-4.05,86,100,3.47,overcast clouds,2022-02-04 02:57:05
296,Nantucket,US,41.2835,-70.0995,51.26,94,100,13.8,mist,2022-02-04 02:57:05
297,Nalut,LY,30.3333,10.85,43.29,74,0,8.46,clear sky,2022-02-04 02:54:38
298,Alekseyevka,RU,50.6309,38.6903,25.11,97,100,6.4,overcast clouds,2022-02-04 02:57:05
299,Boueni,YT,-12.9025,45.0761,82.38,75,96,15.68,light rain,2022-02-04 02:57:06
300,Pevek,RU,69.7008,170.3133,-19.21,100,25,3.58,scattered clouds,2022-02-04 02:57:06
301,Pacific Grove,US,36.6177,-121.9166,56.75,83,99,1.99,overcast clouds,2022-02-04 02:57:06
302,Caravelas,BR,-17.7125,-39.2481,76.33,91,97,4.54,overcast clouds,2022-02-04 02:57:07
303,Kamwenge,UG,0.1866,30.4539,63.05,63,100,1.01,overcast clouds,2022-02-04 02:57:07
304,Xining,CN,36.6167,101.7667,15.82,48,100,0.89,overcast clouds,2022-02-04 02:55:53
305,Conakry,GN,9.538,-13.6773,72.36,81,1,9.82,clear sky,2022-02-04 02:57:07
306,Half Moon Bay,US,37.4636,-122.4286,57.45,73,40,10.36,mist,2022-02-04 02:57:08
307,Anadyr,RU,64.75,177.4833,14.5,62,11,29.08,few clouds,2022-02-04 02:57:08
308,Bandundu,CD,-3.3167,17.3667,71.24,94,100,3.09,overcast clouds,2022-02-04 02:57:08
309,Ewo,CG,-0.8725,14.8206,73.71,83,100,2.24,overcast clouds,2022-02-04 02:57:08
310,Duluth,US,46.7833,-92.1066,-2.65,69,40,3.0,scattered clouds,2022-02-04 02:57:09
311,San Policarpo,PH,12.1791,125.5072,75.78,87,100,16.96,overcast clouds,2022-02-04 02:57:09
312,Ibipora,BR,-23.2692,-51.0481,72.32,100,75,11.5,broken clouds,2022-02-04 02:57:09
313,Noumea,NC,-22.2763,166.4572,87.78,80,96,7.2,overcast clouds,2022-02-04 02:57:10
314,Yulara,AU,-25.2406,130.9889,78.64,27,84,19.57,broken clouds,2022-02-04 02:54:42
315,Mexico,PH,15.0646,120.7198,87.15,46,31,9.44,scattered clouds,2022-02-04 02:53:34
316,Vanimo,PG,-2.6741,141.3028,85.17,65,51,4.47,broken clouds,2022-02-04 02:56:46
317,Lasa,IT,46.6166,10.7002,31.3,63,35,3.36,scattered clouds,2022-02-04 02:57:10
318,Fort Nelson,CA,58.8053,-122.7002,-11.61,77,100,3.44,light snow,2022-02-04 02:57:11
319,Rusape,ZW,-18.5278,32.1284,62.2,91,64,6.13,broken clouds,2022-02-04 02:57:11
320,Port Macquarie,AU,-31.4333,152.9167,73.36,68,49,18.19,scattered clouds,2022-02-04 02:53:39
321,Clyde River,CA,70.4692,-68.5914,-7.37,84,100,34.52,heavy snow,2022-02-04 02:54:36
322,The Valley,AI,18.217,-63.0578,78.1,78,20,5.75,few clouds,2022-02-04 02:57:11
323,Sobolevo,RU,54.4299,31.8996,5.0,100,93,6.51,overcast clouds,2022-02-04 02:57:12
324,Sosnogorsk,RU,63.6023,53.8817,15.33,96,100,4.9,light snow,2022-02-04 02:54:52
325,Cap Malheureux,MU,-19.9842,57.6142,81.09,84,100,11.99,overcast clouds,2022-02-04 02:58:12
326,Petionville,HT,18.5125,-72.2853,71.29,83,11,8.05,few clouds,2022-02-04 02:58:13
327,Santa Rosalia,MX,27.3167,-112.2833,52.59,50,0,9.78,clear sky,2022-02-04 02:58:13
328,Palana,RU,59.1167,159.9667,11.3,84,100,12.97,overcast clouds,2022-02-04 02:58:13
329,Houma,US,29.5958,-90.7195,46.99,99,100,12.86,light rain,2022-02-04 02:58:13
330,Ancud,CL,-41.8697,-73.8203,60.22,96,37,3.09,scattered clouds,2022-02-04 02:58:14
331,Calama,CL,-22.4667,-68.9333,59.49,25,0,12.66,clear sky,2022-02-04 02:58:14
332,Oistins,BB,13.0667,-59.5333,77.09,69,20,12.66,few clouds,2022-02-04 02:58:14
333,Dubbo,AU,-32.25,148.6167,78.93,31,2,14.97,clear sky,2022-02-04 02:54:47
334,Carnarvon,AU,-24.8667,113.6333,100.47,19,21,11.5,few clouds,2022-02-04 02:54:42
335,Avera,US,33.194,-82.5271,69.85,76,100,14.72,overcast clouds,2022-02-04 02:55:56
336,Fortuna,US,40.5982,-124.1573,48.18,89,100,1.99,overcast clouds,2022-02-04 02:54:47
337,Husavik,IS,66.0449,-17.3389,22.91,90,100,13.65,snow,2022-02-04 02:57:14
338,Carauari,BR,-4.8828,-66.8958,73.0,98,74,1.86,heavy intensity rain,2022-02-04 02:58:15
339,Stelnica,RO,44.4167,27.8833,33.76,70,4,4.29,clear sky,2022-02-04 02:58:15
340,Lixourion,GR,38.2019,20.4314,46.42,45,4,4.38,clear sky,2022-02-04 02:58:16
341,Lompoc,US,34.6391,-120.4579,54.12,77,73,1.99,broken clouds,2022-02-04 02:58:16
342,Kruisfontein,ZA,-34.0033,24.7314,63.88,75,74,9.53,broken clouds,2022-02-04 02:58:16
343,Kijang,KR,35.2442,129.2139,37.13,38,2,11.18,clear sky,2022-02-04 02:58:17
344,Cap-Chat,CA,49.1001,-66.6821,12.2,73,100,6.91,overcast clouds,2022-02-04 02:54:45
345,Buraydah,SA,26.326,43.975,64.85,65,3,9.82,clear sky,2022-02-04 02:57:32
346,Norman Wells,CA,65.282,-126.8329,-39.96,67,20,0.0,few clouds,2022-02-04 02:58:17
347,Aksarka,RU,66.5606,67.7975,-10.88,100,99,0.72,overcast clouds,2022-02-04 02:58:18
348,Corn Island,NI,12.1694,-83.0418,80.4,76,0,15.52,clear sky,2022-02-04 02:58:18
349,College,US,64.8569,-147.8028,2.66,55,100,5.75,overcast clouds,2022-02-04 02:58:18
350,Kismayo,SO,-0.3582,42.5454,77.81,87,96,18.12,overcast clouds,2022-02-04 02:58:18
351,Verkhovazhye,RU,60.7472,42.0465,-9.98,100,100,2.35,overcast clouds,2022-02-04 02:58:19
352,Lagoa,PT,39.05,-27.9833,57.67,75,100,12.33,overcast clouds,2022-02-04 02:56:45
353,Tocopilla,CL,-22.092,-70.1979,68.99,75,14,8.21,few clouds,2022-02-04 02:58:19
354,Monrovia,LR,6.3005,-10.7969,77.68,86,10,2.44,clear sky,2022-02-04 02:56:04
355,Kosh-Agach,RU,50.0,88.6667,-20.24,99,97,1.61,overcast clouds,2022-02-04 02:58:20
356,Santiago,CL,-33.4569,-70.6483,70.99,53,40,10.36,scattered clouds,2022-02-04 02:58:00
357,Melton,AU,-37.6833,144.5833,76.39,47,3,11.97,clear sky,2022-02-04 02:58:20
358,Gubkinskiy,RU,64.434,76.5026,16.27,96,100,7.43,light snow,2022-02-04 02:58:20
359,Beberibe,BR,-4.1797,-38.1306,82.44,84,90,9.13,overcast clouds,2022-02-04 02:58:21
360,Okha,RU,53.5739,142.9478,4.73,91,100,22.3,overcast clouds,2022-02-04 02:58:21
361,Tazovskiy,RU,67.4667,78.7,0.48,97,99,6.71,overcast clouds,2022-02-04 02:58:21
362,Aldan,RU,58.6031,125.3894,-9.36,92,100,4.68,overcast clouds,2022-02-04 02:58:22
363,Russell,US,32.3502,-85.1999,68.13,93,100,6.91,light rain,2022-02-04 02:58:22
364,Borogontsy,RU,62.6683,131.1683,-18.31,94,100,4.99,overcast clouds,2022-02-04 02:58:22
365,Luanda,AO,-8.8368,13.2343,75.2,88,40,2.3,scattered clouds,2022-02-04 02:56:35
366,Palmer,US,42.1584,-72.3287,45.91,88,100,3.44,mist,2022-02-04 02:55:02
367,Port-Gentil,GA,-0.7193,8.7815,79.63,79,100,6.89,overcast clouds,2022-02-04 02:58:23
368,Portland,US,45.5234,-122.6762,46.2,92,25,1.01,scattered clouds,2022-02-04 02:56:28
369,Qasigiannguit,GL,68.8193,-51.1922,11.88,95,100,8.25,light snow,2022-02-04 02:58:23
370,Belle Fourche,US,44.6714,-103.8522,26.11,70,65,9.33,broken clouds,2022-02-04 02:58:23
371,Hervey Bay,AU,-25.2986,152.8535,85.03,70,84,15.99,broken clouds,2022-02-04 02:58:24
372,Chapais,CA,49.7834,-74.8492,-24.02,100,41,2.1,scattered clouds,2022-02-04 02:58:24
373,Sangar,RU,63.9242,127.4739,-21.41,96,98,3.38,overcast clouds,2022-02-04 02:59:24
374,Kizema,RU,61.113,44.8302,-7.38,100,100,2.08,overcast clouds,2022-02-04 02:59:25
375,Carballo,ES,43.213,-8.691,53.55,92,100,2.95,overcast clouds,2022-02-04 02:59:25
376,Port Hedland,AU,-20.3167,118.5667,93.25,46,84,14.97,broken clouds,2022-02-04 02:59:25
377,Sechura,PE,-5.5569,-80.8222,71.8,79,68,11.86,broken clouds,2022-02-04 02:59:26
378,Sorong,ID,-0.8833,131.25,83.95,74,60,9.6,broken clouds,2022-02-04 02:59:26
379,Talnakh,RU,69.4865,88.3972,-13.94,99,80,7.09,broken clouds,2022-02-04 02:55:30
380,Talaya,RU,61.3833,152.75,-12.73,94,44,5.77,scattered clouds,2022-02-04 02:59:26
381,Ereymentau,KZ,51.6199,73.1033,7.23,77,3,6.04,clear sky,2022-02-04 02:59:26
382,Tiarei,PF,-17.5333,-149.3333,87.82,76,21,15.1,light rain,2022-02-04 02:59:27
383,Los Llanos De Aridane,ES,28.6585,-17.9182,61.12,65,0,8.01,clear sky,2022-02-04 02:59:27
384,Ust-Nera,RU,64.5667,143.2,-8.54,98,99,4.23,overcast clouds,2022-02-04 02:59:27
385,Espinosa,BR,-14.9261,-42.8192,70.3,87,43,3.58,scattered clouds,2022-02-04 02:54:59
386,Laguna,US,38.421,-121.4238,54.1,65,0,3.44,clear sky,2022-02-04 02:57:49
387,San Cristobal,VE,7.7669,-72.225,73.58,65,84,1.07,broken clouds,2022-02-04 02:54:38
388,Varkkallai,IN,8.7341,76.7067,80.38,80,38,7.43,scattered clouds,2022-02-04 02:59:28
389,Mackay,AU,-21.15,149.2,81.68,78,100,12.66,overcast clouds,2022-02-04 02:56:14
390,Port Lincoln,AU,-34.7333,135.8667,67.89,57,32,14.76,scattered clouds,2022-02-04 02:59:28
391,Syasstroy,RU,60.1367,32.5691,-4.22,100,100,2.91,overcast clouds,2022-02-04 02:59:29
392,Huarmey,PE,-10.0681,-78.1522,71.58,81,24,7.74,few clouds,2022-02-04 02:59:29
393,Mogadishu,SO,2.0371,45.3438,75.07,83,40,11.5,scattered clouds,2022-02-04 02:59:29
394,Jishou,CN,28.3167,109.7167,46.78,68,91,3.09,overcast clouds,2022-02-04 02:59:30
395,Victoria,HK,22.2855,114.1577,60.24,77,67,1.99,broken clouds,2022-02-04 02:56:13
396,Baturaja,ID,-4.1333,104.1667,82.51,77,84,3.06,broken clouds,2022-02-04 02:59:30
397,Razole,IN,16.4833,81.8333,75.49,65,25,6.02,scattered clouds,2022-02-04 02:59:30
398,Gemena,CD,3.25,19.7667,66.9,52,80,0.83,broken clouds,2022-02-04 02:59:31
399,Sisophon,KH,13.5859,102.9737,84.13,53,38,9.55,scattered clouds,2022-02-04 02:59:31
400,Sistranda,NO,63.7256,8.834,35.91,93,100,23.13,light snow,2022-02-04 02:59:31
401,Temiscaming,CA,46.7212,-79.0971,-0.53,60,100,4.61,overcast clouds,2022-02-04 02:59:31
402,Dogondoutchi,NE,13.6393,4.0287,61.79,17,0,13.51,clear sky,2022-02-04 02:59:32
403,Honiara,SB,-9.4333,159.95,77.11,94,100,11.03,overcast clouds,2022-02-04 02:54:53
404,Slavgorodskoye,RU,53.0214,78.6435,2.34,95,15,8.1,few clouds,2022-02-04 02:59:32
405,Whitehorse,CA,60.7161,-135.0538,-6.83,77,100,4.61,light snow,2022-02-04 02:59:33
406,Elliot,ZA,-31.3333,27.85,57.65,99,100,4.88,light rain,2022-02-04 02:59:33
407,San Patricio,US,28.017,-97.5169,35.83,76,94,17.65,overcast clouds,2022-02-04 02:59:33
408,Encruzilhada,BR,-15.5314,-40.9094,65.66,89,81,3.47,broken clouds,2022-02-04 02:59:33
409,Skegness,GB,53.1436,0.3363,48.83,82,100,22.93,overcast clouds,2022-02-04 02:59:34
410,Iberia,US,29.9502,-91.7507,42.87,93,100,14.97,overcast clouds,2022-02-04 02:59:34
411,Arroyo,ES,41.6096,-4.7969,40.14,77,0,9.22,clear sky,2022-02-04 02:59:34
412,Wakkanai,JP,45.4094,141.6739,24.78,58,40,18.41,scattered clouds,2022-02-04 02:59:35
413,Flinders,AU,-34.5833,150.8552,74.48,58,85,16.26,overcast clouds,2022-02-04 02:59:35
414,Raudeberg,NO,61.9875,5.1352,38.19,94,100,7.0,light rain,2022-02-04 02:59:35
415,Dharur,IN,18.8167,76.1167,61.86,58,15,11.52,few clouds,2022-02-04 02:59:36
416,Waycross,US,31.2136,-82.354,70.32,82,75,5.75,broken clouds,2022-02-04 02:59:36
417,Codrington,AU,-38.2667,141.9667,67.28,59,77,14.92,broken clouds,2022-02-04 02:58:59
418,Vidim,RU,56.4088,103.1106,0.63,98,100,4.56,overcast clouds,2022-02-04 03:00:36
419,Svetlaya,RU,46.5389,138.3297,16.25,53,5,3.47,clear sky,2022-02-04 03:00:39
420,Hambantota,LK,6.1241,81.1185,75.54,100,20,2.3,few clouds,2022-02-04 03:00:40
421,Naze,JP,28.3667,129.4833,54.52,74,100,16.96,overcast clouds,2022-02-04 02:59:29
422,Kavieng,PG,-2.5744,150.7967,83.52,71,82,5.46,broken clouds,2022-02-04 03:00:41
423,Vardo,NO,70.3705,31.1107,26.58,62,100,13.06,light snow,2022-02-04 03:00:42
424,Faya,SA,18.3851,42.4509,53.91,55,7,2.91,clear sky,2022-02-04 03:00:43
425,Praia,CV,14.9215,-23.5087,70.34,83,0,11.5,clear sky,2022-02-04 02:55:45
426,Vao,NC,-22.6667,167.4833,75.15,92,100,5.59,light rain,2022-02-04 03:00:43
427,Ipswich,GB,52.0592,1.1555,48.78,80,100,17.43,overcast clouds,2022-02-04 02:57:03
428,Valday,RU,57.9747,33.2525,-3.55,100,100,0.67,overcast clouds,2022-02-04 03:00:44
429,West Bay,KY,19.3667,-81.4167,77.07,88,20,1.99,few clouds,2022-02-04 03:00:45
430,Akdepe,TM,42.0551,59.3788,32.0,63,100,15.97,overcast clouds,2022-02-04 03:00:47
431,Gold Coast,AU,-28.0,153.4333,83.34,66,40,15.99,scattered clouds,2022-02-04 02:59:02
432,Miles City,US,46.4083,-105.8406,14.05,80,92,6.8,overcast clouds,2022-02-04 02:56:19
433,Santa Isabel Do Rio Negro,BR,-0.4139,-65.0192,73.72,96,99,1.63,overcast clouds,2022-02-04 03:00:47
434,Verkh-Usugli,RU,52.7,115.1667,1.08,69,11,2.35,few clouds,2022-02-04 02:57:44
435,Luganville,VU,-15.5333,167.1667,77.18,93,100,6.29,overcast clouds,2022-02-04 02:57:08
436,Sao Gabriel Da Cachoeira,BR,-0.1303,-67.0892,72.66,99,71,1.52,heavy intensity rain,2022-02-04 03:00:48
437,Aksarayskiy,RU,46.7924,48.0119,33.75,89,100,3.58,overcast clouds,2022-02-04 03:00:49
438,Mandan,US,46.8267,-100.8896,18.95,70,75,4.0,broken clouds,2022-02-04 03:00:50
439,Peniche,PT,39.3558,-9.3811,52.09,84,98,6.24,overcast clouds,2022-02-04 03:00:48
440,Mackenzie,CA,55.2999,-123.1698,10.62,85,100,3.44,overcast clouds,2022-02-04 02:56:15
441,Nioro,GM,13.35,-15.75,73.94,25,0,3.11,clear sky,2022-02-04 03:00:51
442,Grindavik,IS,63.8424,-22.4338,27.07,68,40,24.16,scattered clouds,2022-02-04 02:57:33
443,Auki,SB,-8.7676,160.7034,76.17,93,100,10.76,overcast clouds,2022-02-04 03:00:53
444,Chuy,UY,-33.6971,-53.4616,72.16,94,100,7.54,light rain,2022-02-04 03:00:55
445,Crestview,US,30.7621,-86.5705,70.92,94,98,8.99,overcast clouds,2022-02-04 03:00:18
446,Aloleng,PH,16.1307,119.7824,83.39,65,11,9.91,few clouds,2022-02-04 03:00:55
447,Koppa,IN,13.5304,75.3633,64.89,82,66,2.53,broken clouds,2022-02-04 03:00:56
448,Luziania,BR,-16.2525,-47.9503,66.97,92,33,1.32,scattered clouds,2022-02-04 03:00:57
449,Ajaccio,FR,42.0,8.9167,48.36,87,20,4.61,few clouds,2022-02-04 03:00:58
450,Birao,CF,10.2849,22.7882,67.53,23,14,3.04,few clouds,2022-02-04 03:00:59
451,Bakchar,RU,57.0186,82.0711,7.95,92,78,7.94,broken clouds,2022-02-04 03:01:00
452,Evanston,US,42.0411,-87.6901,25.11,72,100,1.99,overcast clouds,2022-02-04 02:58:11
453,Tudela,ES,42.0617,-1.6045,44.47,76,93,6.42,overcast clouds,2022-02-04 03:01:01
454,Oudtshoorn,ZA,-33.5907,22.2014,59.36,78,100,6.93,overcast clouds,2022-02-04 03:01:01
455,Lodwar,KE,3.1191,35.5973,82.42,42,100,4.94,overcast clouds,2022-02-04 03:01:02
456,Yueyang,CN,29.3333,113.0919,45.75,66,6,5.82,clear sky,2022-02-04 03:00:24
457,Port Blair,IN,11.6667,92.75,78.84,78,40,10.36,mist,2022-02-04 03:01:02
458,Samarai,PG,-10.6167,150.6667,83.59,73,91,7.56,overcast clouds,2022-02-04 03:01:03
459,Kalabo,ZM,-14.97,22.6814,65.8,98,100,5.01,overcast clouds,2022-02-04 03:01:03
460,Kikwit,CD,-5.041,18.8162,67.1,97,100,1.95,overcast clouds,2022-02-04 03:01:03
461,Topolovgrad,BG,42.0833,26.3333,36.12,94,23,2.86,few clouds,2022-02-04 03:01:04
462,Marsh Harbour,BS,26.5412,-77.0636,73.04,64,6,17.96,clear sky,2022-02-04 02:56:06
463,Ayr,GB,55.4627,-4.6339,39.18,75,87,16.11,overcast clouds,2022-02-04 03:01:04
464,Aktash,RU,50.3,87.7333,-13.63,86,35,4.94,scattered clouds,2022-02-04 03:01:04
465,Sabang,ID,5.8933,95.3214,82.74,71,86,15.55,overcast clouds,2022-02-04 03:02:05
466,Dingle,PH,10.9995,122.6711,80.76,79,81,16.53,broken clouds,2022-02-04 02:58:15
467,Dengzhou,CN,37.8086,120.7508,30.83,49,75,14.99,broken clouds,2022-02-04 03:02:05
468,Gisborne,NZ,-38.6533,178.0042,82.94,47,1,6.87,clear sky,2022-02-04 03:02:05
469,Saldanha,ZA,-33.0117,17.9442,57.25,81,0,18.92,clear sky,2022-02-04 02:59:06
470,Eydhafushi,MV,5.1033,73.0708,80.65,73,44,6.67,scattered clouds,2022-02-04 03:02:06
471,Olafsvik,IS,64.8945,-23.7142,27.7,74,96,28.03,overcast clouds,2022-02-04 03:02:06
472,Gravdal,NO,68.1214,13.5031,25.68,66,100,33.24,light snow,2022-02-04 03:02:06
473,Murray Bridge,AU,-35.1167,139.2667,79.68,31,0,9.48,clear sky,2022-02-04 03:01:35
474,Lata,PT,40.1629,-8.3327,48.07,96,99,0.54,overcast clouds,2022-02-04 03:02:07
475,Zhanakorgan,KZ,43.9098,67.2495,26.15,73,12,6.15,few clouds,2022-02-04 03:02:07
476,Grajewo,PL,53.6473,22.4554,31.42,99,100,9.33,light snow,2022-02-04 03:02:07
477,Xique-Xique,BR,-10.8218,-42.7263,78.55,59,75,8.39,broken clouds,2022-02-04 03:02:08
478,Bahia Blanca,AR,-38.7196,-62.2724,72.36,56,16,9.22,few clouds,2022-02-04 03:00:24
479,Grootfontein,NA,-19.5667,18.1167,68.76,66,84,4.27,broken clouds,2022-02-04 03:02:08
480,Nadvoitsy,RU,63.8667,34.3167,-9.33,100,98,2.33,overcast clouds,2022-02-04 03:02:09
481,Gushikawa,JP,26.3544,127.8686,62.19,90,75,14.97,broken clouds,2022-02-04 03:02:09
482,Teya,RU,60.3778,92.6267,11.57,94,100,6.22,overcast clouds,2022-02-04 03:02:09
483,Krasnoselkup,RU,65.7,82.4667,8.06,96,98,7.63,overcast clouds,2022-02-04 02:59:01
484,Saint-Louis,SN,16.3333,-15.0,72.28,9,0,10.4,clear sky,2022-02-04 03:02:10
485,Port Said,EG,31.2565,32.2841,54.14,64,69,23.38,broken clouds,2022-02-04 03:00:30
486,Pavilosta,LV,56.8879,21.1859,30.11,92,100,15.1,overcast clouds,2022-02-04 03:02:10
487,Derbent,RU,42.0678,48.2899,41.85,84,100,4.45,overcast clouds,2022-02-04 03:02:10
488,Portage,US,41.1667,-81.1998,23.86,82,100,13.8,snow,2022-02-04 03:02:11
489,Kilindoni,TZ,-7.9139,39.6668,80.53,81,100,10.63,overcast clouds,2022-02-04 03:02:11
490,Le Port,RE,-20.9373,55.2919,80.56,85,100,28.21,moderate rain,2022-02-04 03:02:11
491,Carbondale,US,37.7273,-89.2168,24.58,88,100,14.97,light snow,2022-02-04 03:02:12
492,Dakar,SN,14.6937,-17.4441,70.68,67,0,7.34,clear sky,2022-02-04 03:02:12
493,Kropotkin,RU,45.4375,40.5756,37.56,98,100,7.11,overcast clouds,2022-02-04 03:02:12
494,Townsville,AU,-19.25,146.8,83.28,74,40,11.5,scattered clouds,2022-02-04 03:02:13
495,Sura,RU,53.8879,45.7419,27.97,97,100,9.62,snow,2022-02-04 03:02:13
496,Viransehir,TR,37.2353,39.7631,39.97,88,89,8.95,overcast clouds,2022-02-04 03:02:13
497,Bathsheba,BB,13.2167,-59.5167,76.48,68,1,12.97,clear sky,2022-02-04 03:00:39
498,Bozeman,US,45.6796,-111.0386,22.17,73,99,3.31,overcast clouds,2022-02-04 02:59:05
499,Vilhena,BR,-12.7406,-60.1458,68.32,99,99,2.93,overcast clouds,2022-02-04 03:02:14
500,Maceio,BR,-9.6658,-35.7353,76.44,88,20,2.3,few clouds,2022-02-04 03:02:14
501,Ketchikan,US,55.3422,-131.6461,46.38,99,100,8.05,moderate rain,2022-02-04 03:02:15
502,Kaeo,NZ,-35.1,173.7833,76.32,84,97,9.71,overcast clouds,2022-02-04 02:59:40
503,Lander,US,42.833,-108.7307,13.01,67,0,3.44,clear sky,2022-02-04 03:02:15
504,Whitianga,NZ,-36.8333,175.7,74.23,69,7,10.16,clear sky,2022-02-04 03:02:15
505,Maxixe,MZ,-23.8597,35.3472,74.8,89,3,1.54,clear sky,2022-02-04 03:02:16
506,Atkarsk,RU,51.8718,45.0078,35.26,100,100,9.78,snow,2022-02-04 03:02:16
507,Yabrud,SY,33.9674,36.6574,32.81,80,28,6.31,scattered clouds,2022-02-04 03:02:16
508,Chicama,PE,-7.8447,-79.1469,72.01,74,60,6.58,broken clouds,2022-02-04 03:02:17
509,Libenge,CD,3.65,18.6333,68.61,38,66,0.76,broken clouds,2022-02-04 03:03:17
510,Huilong,CN,31.8111,121.655,44.98,50,6,8.9,clear sky,2022-02-04 03:03:17
511,Fairlie,GB,55.756,-4.8556,39.11,86,94,5.99,light rain,2022-02-04 03:03:18
512,Dawei,MM,14.0833,98.2,84.06,58,29,0.74,scattered clouds,2022-02-04 03:03:18
513,Kroya,ID,-7.6331,109.2461,92.19,64,95,1.95,overcast clouds,2022-02-04 03:03:18
514,Shiyan,CN,32.6475,110.7781,45.41,42,83,3.2,broken clouds,2022-02-04 03:00:23
515,Gaoyou,CN,32.7858,119.4278,46.92,52,0,6.6,clear sky,2022-02-04 03:03:19
516,Jiujiang,CN,29.7333,115.9833,43.39,72,99,6.4,overcast clouds,2022-02-04 03:03:19
517,Gomel,BY,52.4345,30.9754,8.65,98,76,6.73,broken clouds,2022-02-04 03:03:05
518,Pochutla,MX,15.7432,-96.4661,70.11,74,0,3.56,clear sky,2022-02-04 02:58:20
519,Alugan,PH,12.2188,125.4808,75.63,88,100,16.51,overcast clouds,2022-02-04 03:03:20
520,Champerico,GT,14.3,-91.9167,80.35,69,15,6.62,few clouds,2022-02-04 03:00:59
521,Batabano,CU,22.7164,-82.2881,72.21,85,5,7.38,clear sky,2022-02-04 03:03:20
522,Matagami,CA,49.7502,-77.6328,-24.66,100,91,2.01,overcast clouds,2022-02-04 03:03:20
523,Trelew,AR,-43.249,-65.3051,71.06,50,100,8.95,light rain,2022-02-04 03:03:21
524,Lady Frere,ZA,-31.7031,27.2329,60.89,88,100,4.99,overcast clouds,2022-02-04 03:03:21
525,Kamen-Rybolov,RU,44.7481,132.0403,8.92,65,32,8.19,scattered clouds,2022-02-04 03:03:21
526,Jacareacanga,BR,-6.2222,-57.7528,75.0,88,100,0.6,overcast clouds,2022-02-04 03:03:21
527,Nizhniy Odes,RU,63.6445,54.856,13.95,96,100,4.47,light snow,2022-02-04 03:03:22
528,Butterworth,MY,5.3991,100.3638,87.84,69,20,3.44,few clouds,2022-02-04 03:03:22
529,Coracao De Jesus,BR,-16.6853,-44.365,68.67,92,98,3.53,overcast clouds,2022-02-04 03:03:23
530,Dvinskoy,RU,62.1535,45.1175,-8.34,100,99,1.48,overcast clouds,2022-02-04 03:03:23
531,Inuvik,CA,68.3499,-133.7218,-32.46,100,91,4.72,overcast clouds,2022-02-04 03:03:23
532,Wum,CM,6.3833,10.0667,64.71,27,34,2.46,scattered clouds,2022-02-04 03:03:24
533,Yelabuga,RU,55.7613,52.0649,27.95,98,100,9.17,snow,2022-02-04 03:03:24
534,Banjar,ID,-8.19,114.9675,76.86,61,86,5.26,overcast clouds,2022-02-04 03:02:06
535,Camacha,PT,33.0833,-16.3333,63.54,94,20,8.05,few clouds,2022-02-04 03:02:33
536,Barabai,ID,-2.5833,115.3833,83.73,75,100,1.66,moderate rain,2022-02-04 03:03:24
537,Slave Lake,CA,55.2834,-114.769,-0.94,84,100,7.52,overcast clouds,2022-02-04 03:02:19
538,Araouane,ML,18.9048,-3.5265,62.82,13,0,10.36,clear sky,2022-02-04 03:03:25
539,Aguimes,ES,27.9054,-15.4461,63.23,48,0,8.05,clear sky,2022-02-04 03:03:25
540,Xuanhua,CN,40.6103,115.0447,12.96,42,2,10.16,clear sky,2022-02-04 03:03:25
541,Soyo,AO,-6.1349,12.3689,77.02,75,95,3.36,overcast clouds,2022-02-04 03:03:26
542,Itaqui,BR,-29.1253,-56.5531,69.66,94,56,12.35,broken clouds,2022-02-04 03:03:26
543,Rio Grande,BR,-32.035,-52.0986,70.95,86,100,10.0,light rain,2022-02-04 03:03:26
544,Touho,NC,-20.7833,165.2333,78.21,92,100,7.34,light rain,2022-02-04 03:03:27
545,Darnah,LY,32.767,22.6367,52.9,63,98,27.22,overcast clouds,2022-02-04 03:03:27
546,Yenagoa,NG,4.9247,6.2642,75.96,87,8,2.33,light rain,2022-02-04 03:03:27
547,Naryan-Mar,RU,67.6713,53.087,3.87,97,100,3.51,overcast clouds,2022-02-04 02:59:28
548,Acarau,BR,-2.8856,-40.12,78.35,85,69,11.32,broken clouds,2022-02-04 03:01:24
549,Izumiotsu,JP,34.5,135.4,48.67,56,20,10.36,few clouds,2022-02-04 03:03:28
550,Brigantine,US,39.4101,-74.3646,53.04,94,100,20.11,light rain,2022-02-04 03:01:02
551,Boguchany,RU,58.3814,97.4531,11.77,95,100,5.73,light snow,2022-02-04 03:03:28
552,Santa Cruz De Tenerife,ES,28.4682,-16.2546,72.28,59,96,1.01,overcast clouds,2022-02-04 03:03:28
553,Okakarara,NA,-20.5833,17.4333,71.51,55,87,7.14,overcast clouds,2022-02-04 03:04:29
554,Chirongui,YT,-12.9319,45.1483,82.33,76,98,14.74,light rain,2022-02-04 03:04:29
555,Barra Patuca,HN,15.8,-84.2833,76.42,83,0,8.66,clear sky,2022-02-04 03:04:29
556,Rajshahi,BD,24.3667,88.6,61.97,88,100,10.0,moderate rain,2022-02-04 03:00:34
557,Oksfjord,NO,70.2396,22.3479,14.92,94,65,17.34,broken clouds,2022-02-04 03:04:30
558,Arman,RU,59.7,150.1667,11.66,71,96,11.05,overcast clouds,2022-02-04 03:04:30
559,Bressuire,FR,46.9167,-0.5,45.05,96,100,8.97,overcast clouds,2022-02-04 03:04:30
560,San Quintin,MX,30.4833,-115.95,56.7,64,0,3.49,clear sky,2022-02-04 03:04:31
561,Santa Rosa,PH,14.3122,121.1114,87.12,62,87,13.2,overcast clouds,2022-02-04 02:59:34
562,Bambanglipuro,ID,-7.95,110.2833,83.1,68,97,1.68,overcast clouds,2022-02-04 03:04:31
563,Arcachon,FR,44.5875,-1.0519,48.52,100,75,3.44,broken clouds,2022-02-04 03:04:31
564,Skjervoy,NO,70.0311,20.9714,19.08,74,62,34.07,broken clouds,2022-02-04 03:04:32
565,Winnemucca,US,40.973,-117.7357,33.85,51,0,12.66,clear sky,2022-02-04 03:04:32
566,Riyadh,SA,24.6877,46.7219,61.47,37,19,4.59,few clouds,2022-02-04 03:00:02
567,Buenavista,PH,8.9769,125.4089,73.4,94,100,6.17,moderate rain,2022-02-04 03:00:40
568,Villa Carlos Paz,AR,-31.4241,-64.4978,71.38,46,0,7.0,light rain,2022-02-04 03:04:32
569,Manta,EC,-0.95,-80.7333,76.78,83,40,1.14,scattered clouds,2022-02-04 03:04:06
570,Myrtle Beach,US,33.6891,-78.8867,66.24,86,0,11.5,clear sky,2022-02-04 03:04:33
571,Boddam,GB,57.4667,-1.7833,36.43,67,13,19.44,few clouds,2022-02-04 03:04:33
572,Moranbah,AU,-22.0016,148.0466,87.37,49,100,16.42,overcast clouds,2022-02-04 03:04:33
573,Coquimbo,CL,-29.9533,-71.3436,65.17,78,4,0.87,clear sky,2022-02-04 03:00:38
574,Umba,RU,66.6871,34.3429,-3.6,99,100,2.55,overcast clouds,2022-02-04 03:04:34
575,Belawan,ID,3.7755,98.6832,80.89,72,39,3.18,scattered clouds,2022-02-04 03:04:34
576,Tual,ID,-5.6667,132.75,83.71,72,84,14.52,broken clouds,2022-02-04 03:04:34
577,Sinazongwe,ZM,-17.2614,27.4618,72.73,85,10,3.2,light rain,2022-02-04 03:04:35
578,Nisia Floresta,BR,-6.0911,-35.2086,79.61,78,61,7.96,broken clouds,2022-02-04 03:04:35
579,Te Anau,NZ,-45.4167,167.7167,48.34,97,100,3.22,moderate rain,2022-02-04 02:59:56
580,Khandyga,RU,62.6667,135.6,-25.38,94,78,1.34,broken clouds,2022-02-04 03:04:36
581,La Cruz,MX,23.9167,-106.9,63.16,74,0,9.75,clear sky,2022-02-04 03:04:36
582,Rena,NO,61.1348,11.3641,26.71,99,100,7.54,light snow,2022-02-04 03:04:36
583,Ust-Ishim,RU,57.6935,71.1665,25.23,94,100,11.16,light snow,2022-02-04 03:04:37
584,Mazara Del Vallo,IT,37.6641,12.588,49.55,62,14,11.12,few clouds,2022-02-04 03:04:37
585,Yangjiang,CN,21.85,111.9667,54.95,73,100,9.22,overcast clouds,2022-02-04 03:04:37
586,Hereford,GB,52.0568,-2.7148,51.82,88,100,5.99,overcast clouds,2022-02-04 03:02:27
587,Flin Flon,CA,54.7682,-101.865,-18.33,97,31,5.57,scattered clouds,2022-02-04 02:59:52
588,Panzhihua,CN,26.5851,101.7128,55.06,53,4,0.49,clear sky,2022-02-04 03:00:35
589,Mataram,ID,-8.5833,116.1167,86.81,69,100,8.66,overcast clouds,2022-02-04 03:04:38
590,Jijiga,ET,9.35,42.8,53.83,12,12,5.75,few clouds,2022-02-04 03:04:38
591,Goderich,CA,43.7501,-81.7165,15.21,87,100,15.37,overcast clouds,2022-02-04 03:00:11
592,Turukhansk,RU,65.8167,87.9833,5.63,95,99,12.01,light snow,2022-02-04 03:04:38
593,Hamilton,US,39.1834,-84.5333,25.12,91,90,5.01,mist,2022-02-04 03:00:18
594,Muroto,JP,33.2833,134.15,47.73,49,56,7.43,broken clouds,2022-02-04 03:04:39
595,Kapfenberg,AT,47.454,15.2702,33.66,82,27,3.69,scattered clouds,2022-02-04 03:04:39
596,Aketi,CD,2.7388,23.7833,69.57,72,94,2.91,overcast clouds,2022-02-04 03:04:40
597,Mount Isa,AU,-20.7333,139.5,83.97,32,100,11.5,overcast clouds,2022-02-04 03:05:40
598,Hundested,DK,55.9667,11.8667,43.0,94,100,1.01,overcast clouds,2022-02-04 03:05:40
599,Taltal,CL,-25.4,-70.4833,67.69,71,0,4.36,clear sky,2022-02-04 03:05:41
600,Yoichi,JP,43.2039,140.7703,26.38,74,100,15.77,light snow,2022-02-04 03:05:41
601,Sijunjung,ID,-0.6876,100.9537,79.83,83,71,1.68,broken clouds,2022-02-04 03:05:41
602,Springdale,US,36.1867,-94.1288,17.33,88,100,8.01,overcast clouds,2022-02-04 03:05:42
603,Korla,CN,41.7597,86.1469,26.19,44,100,7.56,overcast clouds,2022-02-04 03:05:42
604,La Reforma,MX,25.0833,-108.05,64.74,49,0,14.67,clear sky,2022-02-04 03:05:42
605,Broome,US,42.2506,-75.833,33.76,83,100,3.0,mist,2022-02-04 03:03:18
606,Waipawa,NZ,-41.4122,175.5153,72.93,42,95,6.67,overcast clouds,2022-02-04 03:05:42
607,Deputatskiy,RU,69.3,139.9,-23.64,98,43,1.34,scattered clouds,2022-02-04 03:05:43
608,Beidao,CN,34.5686,105.8933,26.67,78,97,2.71,overcast clouds,2022-02-04 03:05:17
609,Wajima,JP,37.4,136.9,37.29,64,75,1.79,broken clouds,2022-02-04 03:05:43
610,Solnechnyy,RU,50.7214,136.6319,1.8,91,99,2.46,overcast clouds,2022-02-04 03:05:43
611,Bandar,ID,2.05,99.75,80.11,84,47,2.24,scattered clouds,2022-02-04 03:05:44
612,Henties Bay,NA,-22.116,14.2845,65.86,88,6,5.91,clear sky,2022-02-04 03:05:44
613,Glenwood Springs,US,39.5505,-107.3248,15.35,68,0,4.61,clear sky,2022-02-04 03:02:22
614,Yaypan,UZ,40.3758,70.8156,34.12,58,2,5.84,clear sky,2022-02-04 03:05:45
615,Urumqi,CN,43.801,87.6005,-3.05,85,75,0.0,fog,2022-02-04 03:05:45
616,San Rafael,AR,-34.6177,-68.3301,67.17,65,100,1.52,overcast clouds,2022-02-04 03:05:45
617,Belmonte,BR,-15.8631,-38.8828,79.3,81,93,5.28,overcast clouds,2022-02-04 03:05:46
618,Polunochnoye,RU,60.8697,60.4153,-0.24,99,96,3.4,overcast clouds,2022-02-04 03:05:46
619,Plavinas,LV,56.6178,25.7255,17.13,99,90,3.87,overcast clouds,2022-02-04 03:05:46
620,Bilibino,RU,68.0546,166.4372,-4.25,69,0,3.67,clear sky,2022-02-04 03:01:05
621,Burnie,AU,-41.0667,145.9167,65.95,59,2,9.42,clear sky,2022-02-04 03:05:47
622,Acapulco,MX,16.8634,-99.8901,78.62,73,0,6.91,clear sky,2022-02-04 03:05:47
623,Fairbanks,US,64.8378,-147.7164,0.48,54,100,5.91,overcast clouds,2022-02-04 03:02:19
624,Dzhebariki-Khaya,RU,62.2167,135.8,-24.14,95,90,1.88,overcast clouds,2022-02-04 03:05:47
625,Kloulklubed,PW,7.0419,134.2556,86.5,74,28,20.4,scattered clouds,2022-02-04 03:05:48
626,Usinsk,RU,65.9939,57.5281,14.72,96,100,8.01,overcast clouds,2022-02-04 03:05:48
627,Dunning,GB,56.312,-3.5861,38.57,71,35,10.92,scattered clouds,2022-02-04 03:05:48
628,Geraldton,AU,-28.7667,114.6,104.41,10,0,11.5,clear sky,2022-02-04 03:02:24
629,Gallup,US,35.5281,-108.7426,17.02,55,0,0.0,clear sky,2022-02-04 03:05:49
630,Abu Dhabi,AE,24.4667,54.3667,67.96,78,0,2.3,clear sky,2022-02-04 03:03:36
631,Great Yarmouth,GB,52.6083,1.7305,48.94,80,100,21.72,overcast clouds,2022-02-04 03:02:08
632,Krasnyy Yar,RU,46.5331,48.3456,33.73,86,100,3.83,overcast clouds,2022-02-04 03:03:33
633,Santa Fe,AR,-31.6333,-60.7,75.02,91,0,3.0,clear sky,2022-02-04 03:05:49
634,Nara,JP,34.6851,135.8049,47.97,39,24,8.97,few clouds,2022-02-04 03:04:24
635,Bethanien,NA,-26.502,17.1583,69.67,49,2,4.47,clear sky,2022-02-04 03:05:50
636,Pinar Del Rio,CU,22.4175,-83.6981,69.84,93,0,5.32,clear sky,2022-02-04 03:05:50
637,Itoman,JP,26.1247,127.6694,62.98,88,75,19.57,broken clouds,2022-02-04 03:05:50
638,Dunedin,NZ,-45.8742,170.5036,50.7,96,100,4.94,overcast clouds,2022-02-04 03:05:51
639,Manhattan,US,40.7834,-73.9662,49.75,95,100,5.01,light rain,2022-02-04 03:01:24
640,Graaff-Reinet,ZA,-32.2522,24.5308,60.93,82,100,5.61,overcast clouds,2022-02-04 03:05:51
641,Jining,CN,35.405,116.5814,44.01,1,28,7.87,scattered clouds,2022-02-04 03:01:37
642,Timizart,DZ,36.8,4.2667,53.67,43,88,8.08,overcast clouds,2022-02-04 03:05:51
643,Bonthe,SL,7.5264,-12.505,75.49,88,1,3.31,clear sky,2022-02-04 03:05:52
644,Amapa,BR,1.0,-52.0,72.27,98,100,2.44,moderate rain,2022-02-04 03:05:52
645,Parbatipur,BD,25.6649,88.9247,58.93,81,100,13.67,moderate rain,2022-02-04 03:06:52
646,San Luis,AR,-33.295,-66.3356,64.56,80,70,16.89,broken clouds,2022-02-04 03:03:32
647,Yarim,YE,14.298,44.3779,47.66,33,0,3.51,clear sky,2022-02-04 03:06:53
648,Batagay-Alyta,RU,67.8006,130.4114,-16.46,97,99,3.04,overcast clouds,2022-02-04 03:06:53
649,Norrtalje,SE,59.758,18.705,35.24,97,100,14.72,light snow,2022-02-04 03:06:53
650,San Jeronimo,PE,-11.9472,-75.2829,52.12,79,100,3.67,overcast clouds,2022-02-04 03:06:53
651,Russellville,US,35.2784,-93.1338,26.33,81,100,4.61,overcast clouds,2022-02-04 03:06:54
652,Katsuura,JP,35.1333,140.3,42.91,71,100,10.6,overcast clouds,2022-02-04 03:06:54
653,Komsomolskiy,UZ,40.4272,71.7189,25.52,80,2,4.61,clear sky,2022-02-04 03:06:54
654,Nardaran,AZ,40.5561,50.0056,35.24,93,40,4.61,mist,2022-02-04 03:06:55
655,Buala,SB,-8.145,159.5921,77.31,89,100,5.61,light rain,2022-02-04 03:06:55
656,Ausa,ES,41.9271,2.2497,50.68,75,100,1.57,overcast clouds,2022-02-04 03:06:55
657,Ocampo,MX,21.65,-101.5,56.37,37,100,7.61,overcast clouds,2022-02-04 03:06:56
658,Diban,SY,35.0365,40.5167,46.83,48,87,7.94,overcast clouds,2022-02-04 03:06:56
659,Tura,IN,25.5198,90.2201,59.43,80,100,1.74,moderate rain,2022-02-04 03:04:38
660,Willowmore,ZA,-33.2926,23.4895,60.96,68,100,6.69,overcast clouds,2022-02-04 03:06:56
661,Nago,JP,26.5881,127.9761,63.03,84,100,19.22,overcast clouds,2022-02-04 03:06:57
662,Seddon,AU,-37.8068,144.8916,77.67,45,75,5.99,broken clouds,2022-02-04 03:06:57
663,Warrnambool,AU,-38.3833,142.4833,69.82,69,31,15.86,scattered clouds,2022-02-04 03:06:57
664,Tabou,CI,4.423,-7.3528,77.45,86,10,3.09,light rain,2022-02-04 03:06:58
665,Marsaxlokk,MT,35.8419,14.5431,45.21,87,0,4.61,clear sky,2022-02-04 03:06:58
666,Ponta Delgada,PT,37.7333,-25.6667,59.72,72,20,13.8,few clouds,2022-02-04 03:05:05
667,Caraguatatuba,BR,-23.6338,-45.4899,73.99,97,97,3.58,overcast clouds,2022-02-04 03:04:33
668,Tignere,CM,7.3667,12.65,61.41,26,50,2.68,scattered clouds,2022-02-04 03:06:58
669,La Fortuna,CR,10.4709,-84.6453,69.87,95,21,2.57,few clouds,2022-02-04 03:02:22
670,Sarkand,KZ,45.41,79.9186,18.09,72,80,6.17,broken clouds,2022-02-04 03:06:59
671,Virginia Beach,US,36.8529,-75.978,63.27,72,100,18.52,overcast clouds,2022-02-04 03:06:13
672,Dutlwe,BW,-23.9833,23.9,69.03,80,100,8.88,overcast clouds,2022-02-04 03:06:59
673,Cedar City,US,37.6775,-113.0619,20.39,59,0,6.91,clear sky,2022-02-04 03:02:09
674,Lang Suan,TH,9.9456,99.0785,85.17,65,16,10.58,few clouds,2022-02-04 03:07:00
675,Haines Junction,CA,60.7522,-137.5108,-0.15,99,100,3.62,light snow,2022-02-04 03:07:00
676,Rudnichnyy,RU,59.617,52.4703,-3.68,100,100,1.9,overcast clouds,2022-02-04 03:07:00
677,Fandriana,MG,-20.2333,47.3833,61.92,97,100,3.94,overcast clouds,2022-02-04 03:07:01
678,Berdigestyakh,RU,62.0989,126.6992,-16.1,94,99,5.75,overcast clouds,2022-02-04 03:07:01
679,Hobyo,SO,5.3505,48.5268,74.66,76,56,14.81,broken clouds,2022-02-04 03:07:01
680,Galle,LK,6.0367,80.217,77.36,75,1,3.2,clear sky,2022-02-04 03:07:01
