City_ID,City,Lat,Lng,Max Temp,Humidity,Cloudiness,Wind Speed,Desription,Date
0,Charagua,-19.8,-63.2167,89.17,48,58,8.23,broken clouds,2022-02-02 22:30:46
1,Ushuaia,-54.8,-68.3,44.26,57,75,25.32,broken clouds,2022-02-02 22:30:46
2,Mataura,-46.1927,168.8643,58.48,97,100,3.96,moderate rain,2022-02-02 22:28:57
3,Winslow,35.0242,-110.6974,41.18,23,100,5.01,overcast clouds,2022-02-02 22:30:47
4,Lebu,-37.6167,-73.65,63.72,79,45,11.01,scattered clouds,2022-02-02 22:29:34
5,Tuktoyaktuk,69.4541,-133.0374,-22.0,76,75,13.8,light snow,2022-02-02 22:30:47
6,Nabire,-3.3667,135.4833,75.58,89,100,2.73,overcast clouds,2022-02-02 22:25:54
7,Rikitea,-23.1203,-134.9692,78.66,72,100,7.27,overcast clouds,2022-02-02 22:30:48
8,Yellowknife,62.456,-114.3525,-20.7,68,20,3.44,few clouds,2022-02-02 22:25:57
9,Arkhangelsk,64.5401,40.5433,12.31,85,100,2.24,light shower snow,2022-02-02 22:30:48
10,Busselton,-33.65,115.3333,67.05,44,100,14.58,overcast clouds,2022-02-02 22:30:48
11,Castro,-24.7911,-50.0119,65.95,92,40,5.7,light rain,2022-02-02 22:30:08
12,Umm Kaddadah,13.6017,26.6876,69.3,20,12,6.33,few clouds,2022-02-02 22:26:24
13,Saint-Philippe,-21.3585,55.7679,80.19,95,100,36.08,heavy intensity rain,2022-02-02 22:30:49
14,Esperance,-33.8667,121.9,58.84,72,2,12.15,clear sky,2022-02-02 22:25:58
15,Ilulissat,69.2167,-51.1,-0.38,60,20,25.32,few clouds,2022-02-02 22:30:49
16,Georgetown,5.4112,100.3354,80.53,88,20,3.44,few clouds,2022-02-02 22:28:14
17,Hobart,-42.8794,147.3294,62.02,57,75,1.01,broken clouds,2022-02-02 22:28:51
18,Santa Ines,-3.6667,-45.38,75.78,89,98,5.19,overcast clouds,2022-02-02 22:30:50
19,Vostok,46.4856,135.8833,-6.92,99,100,3.58,overcast clouds,2022-02-02 22:26:35
20,Brae,60.3964,-1.353,46.31,91,100,10.71,overcast clouds,2022-02-02 22:30:50
21,Mandalgovi,45.7625,106.2708,-0.31,79,2,10.0,clear sky,2022-02-02 22:27:49
22,Necochea,-38.5473,-58.7368,84.02,49,100,11.23,light rain,2022-02-02 22:28:03
23,Punta Arenas,-53.15,-70.9167,48.31,71,75,8.05,broken clouds,2022-02-02 22:30:51
24,Bluff,-46.6,168.3333,58.8,64,100,17.2,overcast clouds,2022-02-02 22:30:51
25,Port Alfred,-33.5906,26.891,73.44,96,100,7.96,heavy intensity rain,2022-02-02 22:30:12
26,Kiama,-34.6833,150.8667,69.39,69,91,5.01,overcast clouds,2022-02-02 22:30:51
27,Plettenberg Bay,-34.0527,23.3716,69.62,90,100,4.92,overcast clouds,2022-02-02 22:30:52
28,Leningradskiy,69.3833,178.4167,-13.59,94,30,9.89,scattered clouds,2022-02-02 22:30:52
29,Cape Town,-33.9258,18.4232,66.11,88,40,1.01,scattered clouds,2022-02-02 22:30:08
30,Kalmunai,7.4167,81.8167,75.18,73,83,3.83,broken clouds,2022-02-02 22:30:52
31,Huilong,31.8111,121.655,41.04,70,98,8.21,overcast clouds,2022-02-02 22:30:53
32,Dingle,10.9995,122.6711,75.81,90,100,9.13,overcast clouds,2022-02-02 22:30:53
33,Fortuna,40.5982,-124.1573,58.19,72,0,1.99,clear sky,2022-02-02 22:28:49
34,Bredasdorp,-34.5322,20.0403,69.12,73,39,1.14,scattered clouds,2022-02-02 22:30:54
35,Nelson Bay,-32.7167,152.15,67.1,93,100,3.0,light rain,2022-02-02 22:30:54
36,Port Hardy,50.6996,-127.4199,37.58,93,100,14.97,light rain,2022-02-02 22:30:54
37,Lata,40.1629,-8.3327,49.06,73,96,2.35,overcast clouds,2022-02-02 22:30:55
38,Coahuayana,18.7333,-103.6833,85.48,42,0,6.49,clear sky,2022-02-02 22:30:55
39,Paamiut,61.994,-49.6678,7.27,65,100,16.46,overcast clouds,2022-02-02 22:26:08
40,Port Lincoln,-34.7333,135.8667,64.8,68,23,16.31,few clouds,2022-02-02 22:30:56
41,Kapaa,22.0752,-159.319,81.12,67,0,1.99,clear sky,2022-02-02 22:28:52
42,Klaksvik,62.2266,-6.589,40.12,72,100,14.88,overcast clouds,2022-02-02 22:30:56
43,Albany,42.6001,-73.9662,42.67,77,86,5.55,overcast clouds,2022-02-02 22:30:01
44,Mahalingpur,16.3833,75.1167,66.38,55,2,6.8,clear sky,2022-02-02 22:30:56
45,Atuona,-9.8,-139.0333,78.39,76,94,15.35,light rain,2022-02-02 22:30:57
46,Puerto Ayora,-0.7393,-90.3518,82.36,90,31,5.99,scattered clouds,2022-02-02 22:31:57
47,Guasdualito,7.2424,-70.7324,95.0,36,20,5.75,few clouds,2022-02-02 22:27:53
48,Palomares,17.15,-95.0667,80.64,58,0,20.04,clear sky,2022-02-02 22:31:58
49,Sitka,57.0531,-135.33,39.09,87,100,6.91,light rain,2022-02-02 22:29:22
50,Flinders,-34.5833,150.8552,69.19,69,76,13.0,broken clouds,2022-02-02 22:31:58
51,Hilo,19.7297,-155.09,80.33,67,75,6.91,broken clouds,2022-02-02 22:29:24
52,Saint-Pierre,-21.3393,55.4781,80.28,89,75,35.68,light rain,2022-02-02 22:31:58
53,Puri,19.8,85.85,70.32,75,13,11.27,few clouds,2022-02-02 22:31:59
54,Mar Del Plata,-38.0023,-57.5575,80.1,61,0,6.91,clear sky,2022-02-02 22:28:01
55,Srednekolymsk,67.45,153.6833,-25.69,99,99,2.13,overcast clouds,2022-02-02 22:31:59
56,Barra,-11.0894,-43.1417,80.02,61,36,3.13,scattered clouds,2022-02-02 22:32:00
57,Nome,64.5011,-165.4064,10.47,57,0,35.68,clear sky,2022-02-02 22:32:00
58,Iqaluit,63.7506,-68.5145,8.33,84,100,8.99,light snow,2022-02-02 22:31:29
59,Lagoa,39.05,-27.9833,58.17,73,5,7.61,clear sky,2022-02-02 22:32:00
60,Soyo,-6.1349,12.3689,77.83,75,79,7.81,broken clouds,2022-02-02 22:32:01
61,Guanambi,-14.2233,-42.7814,76.84,69,48,5.57,scattered clouds,2022-02-02 22:32:01
62,Dikson,73.5069,80.5464,-8.01,98,93,10.04,overcast clouds,2022-02-02 22:31:34
63,Pilar,-9.5972,-35.9567,80.53,77,16,7.56,few clouds,2022-02-02 22:32:02
64,Erenhot,43.6475,111.9767,-3.39,94,7,4.52,clear sky,2022-02-02 22:28:11
65,Khatanga,71.9667,102.5,-36.9,98,47,1.25,scattered clouds,2022-02-02 22:28:56
66,Nikolskoye,59.7035,30.7861,22.89,98,99,0.87,overcast clouds,2022-02-02 22:32:02
67,Clyde River,70.4692,-68.5914,-16.37,76,100,6.91,light snow,2022-02-02 22:27:53
68,Akdepe,42.0551,59.3788,33.8,76,0,9.75,clear sky,2022-02-02 22:32:03
69,New Norfolk,-42.7826,147.0587,61.66,55,68,1.01,broken clouds,2022-02-02 22:28:51
70,Narsaq,60.9167,-46.05,3.42,64,65,8.28,broken clouds,2022-02-02 22:32:03
71,Grindavik,63.8424,-22.4338,25.27,63,75,3.44,broken clouds,2022-02-02 22:32:03
72,Faanui,-16.4833,-151.75,81.14,72,17,19.46,few clouds,2022-02-02 22:32:04
73,Jamestown,42.097,-79.2353,39.29,64,100,4.0,light rain,2022-02-02 22:29:08
74,Eenhana,-17.4667,16.3333,71.37,35,49,6.35,scattered clouds,2022-02-02 22:32:04
75,Barrow,71.2906,-156.7887,-20.18,69,0,3.44,clear sky,2022-02-02 22:32:04
76,Voznesenskoye,54.89,42.7569,9.54,99,100,2.15,overcast clouds,2022-02-02 22:32:05
77,Kaitangata,-46.2817,169.8464,54.36,95,100,4.99,light rain,2022-02-02 22:27:56
78,Thompson,55.7435,-97.8558,-9.24,59,20,12.66,few clouds,2022-02-02 22:30:12
79,Husavik,66.0449,-17.3389,17.51,94,99,5.1,overcast clouds,2022-02-02 22:32:05
80,Pinega,64.7001,43.3936,11.68,97,100,1.9,overcast clouds,2022-02-02 22:32:05
81,Padang,-0.9492,100.3543,76.78,86,68,3.58,broken clouds,2022-02-02 22:32:06
82,Cherskiy,68.75,161.3,-16.02,67,60,0.94,broken clouds,2022-02-02 22:32:06
83,Port Elizabeth,-33.918,25.5701,71.1,100,75,8.05,broken clouds,2022-02-02 22:32:06
84,Ponta Do Sol,32.6667,-17.1,67.01,76,100,6.08,overcast clouds,2022-02-02 22:29:23
85,Filingue,14.3521,3.3168,68.49,13,2,10.04,clear sky,2022-02-02 22:32:07
86,Newport,51.5877,-2.9984,48.69,89,100,7.54,overcast clouds,2022-02-02 22:32:07
87,Salalah,17.0151,54.0924,78.89,21,0,10.36,clear sky,2022-02-02 22:32:08
88,Yanam,16.7333,82.2167,64.24,92,5,0.83,clear sky,2022-02-02 22:32:08
89,Mugur-Aksy,50.35,90.5,-9.65,85,31,5.48,scattered clouds,2022-02-02 22:32:08
90,Komatipoort,-25.4332,31.9548,75.06,92,0,1.32,clear sky,2022-02-02 22:33:09
91,Nizhniy Kuranakh,58.8353,125.4869,-11.13,98,100,4.36,overcast clouds,2022-02-02 22:33:09
92,Vilhena,-12.7406,-60.1458,80.82,74,40,6.91,scattered clouds,2022-02-02 22:33:09
93,Pozo Colorado,-23.4923,-58.7972,92.64,29,65,6.44,broken clouds,2022-02-02 22:33:10
94,Fairbanks,64.8378,-147.7164,-23.84,76,20,0.0,few clouds,2022-02-02 22:28:51
95,Labuhan,-6.8844,112.2051,77.47,86,100,4.05,overcast clouds,2022-02-02 22:33:10
96,Pueblo Nuevo,23.3833,-105.3833,59.9,24,2,8.05,clear sky,2022-02-02 22:33:11
97,Lavrentiya,65.5833,-171.0,1.06,68,0,22.32,clear sky,2022-02-02 22:32:56
98,Margate,51.3813,1.3862,47.03,85,100,3.0,overcast clouds,2022-02-02 22:33:11
99,Ifakara,-8.1333,36.6833,72.3,95,97,1.43,light rain,2022-02-02 22:33:11
100,Tenenkou,14.4572,-4.9169,71.1,14,0,10.45,clear sky,2022-02-02 22:33:12
101,Miandrivazo,-19.5167,45.4667,78.37,83,46,1.43,light rain,2022-02-02 22:33:12
102,Bengkulu,-3.8004,102.2655,76.14,88,95,4.97,overcast clouds,2022-02-02 22:31:35
103,Havoysund,70.9963,24.6622,18.48,85,54,10.27,broken clouds,2022-02-02 22:33:12
104,Bathsheba,13.2167,-59.5167,79.41,73,20,16.11,few clouds,2022-02-02 22:33:13
105,Hermanus,-34.4187,19.2345,65.89,87,4,12.1,clear sky,2022-02-02 22:31:23
106,Ola,59.5833,151.2833,11.43,79,100,11.03,overcast clouds,2022-02-02 22:30:43
107,Yatou,37.15,122.3833,26.33,60,3,3.71,clear sky,2022-02-02 22:33:13
108,Saskylakh,71.9167,114.0833,-30.6,100,28,3.04,scattered clouds,2022-02-02 22:33:13
109,Codrington,-38.2667,141.9667,59.79,63,89,14.38,overcast clouds,2022-02-02 22:33:14
110,Cabo San Lucas,22.8909,-109.9124,76.3,58,20,1.99,few clouds,2022-02-02 22:33:14
111,Carnarvon,-24.8667,113.6333,77.07,88,67,11.5,broken clouds,2022-02-02 22:32:06
112,Austin,30.2672,-97.7431,52.86,86,100,4.0,overcast clouds,2022-02-02 22:30:37
113,Verkhoyansk,67.5447,133.385,-34.73,100,72,1.66,broken clouds,2022-02-02 22:33:14
114,Jacareacanga,-6.2222,-57.7528,74.82,97,97,2.24,overcast clouds,2022-02-02 22:33:15
115,Riyadh,24.6877,46.7219,51.94,36,0,5.73,clear sky,2022-02-02 22:29:17
116,Mananjary,-21.2167,48.3333,73.51,86,86,9.6,overcast clouds,2022-02-02 22:33:15
117,Saint Anthony,45.0205,-93.218,6.73,54,0,5.99,clear sky,2022-02-02 22:33:15
118,Cidreira,-30.1811,-50.2056,75.67,84,0,19.15,clear sky,2022-02-02 22:33:16
119,Yerofey Pavlovich,53.9667,121.9667,-16.28,95,32,3.67,scattered clouds,2022-02-02 22:33:16
120,Isangel,-19.55,169.2667,86.11,84,75,3.44,broken clouds,2022-02-02 22:31:25
121,Morondava,-20.2833,44.2833,80.69,85,78,7.07,light rain,2022-02-02 22:33:17
122,Ostrovnoy,68.0531,39.5131,20.79,91,100,14.63,light snow,2022-02-02 22:33:17
123,Mahebourg,-20.4081,57.7,79.25,94,75,31.07,moderate rain,2022-02-02 22:33:17
124,Fayaoue,-20.65,166.5333,81.3,79,70,8.3,broken clouds,2022-02-02 22:33:17
125,Vaini,-21.2,-175.2,86.16,74,40,5.75,scattered clouds,2022-02-02 22:31:29
126,Chuy,-33.6971,-53.4616,74.48,74,0,13.22,clear sky,2022-02-02 22:29:14
127,Provideniya,64.3833,-173.3,10.51,72,75,35.79,broken clouds,2022-02-02 22:31:31
128,Havelian,34.0536,73.1657,45.82,89,100,6.6,light rain,2022-02-02 22:33:18
129,Caravelas,-17.7125,-39.2481,77.76,86,100,4.99,overcast clouds,2022-02-02 22:33:18
130,Betsiamites,48.9413,-68.646,34.2,85,100,12.66,overcast clouds,2022-02-02 22:33:19
131,Upernavik,72.7868,-56.1549,-5.13,69,100,7.65,overcast clouds,2022-02-02 22:29:13
132,Hasaki,35.7333,140.8333,23.4,52,44,12.08,scattered clouds,2022-02-02 22:33:19
133,Luderitz,-26.6481,15.1594,68.27,78,69,1.88,broken clouds,2022-02-02 22:33:19
134,Victoria,22.2855,114.1577,59.95,93,100,5.99,overcast clouds,2022-02-02 22:29:52
135,Petropavlovsk-Kamchatskiy,53.0452,158.6483,25.39,80,75,2.24,broken clouds,2022-02-02 22:33:20
136,Tefe,-3.3542,-64.7114,73.51,100,100,6.91,moderate rain,2022-02-02 22:34:20
137,Qaanaaq,77.484,-69.3632,-13.7,83,100,6.87,overcast clouds,2022-02-02 22:31:25
138,Zyryanka,65.75,150.85,-22.07,99,72,4.65,broken clouds,2022-02-02 22:29:39
139,Bethel,41.3712,-73.414,41.83,100,100,1.86,overcast clouds,2022-02-02 22:34:21
140,Meulaboh,4.1363,96.1285,75.81,86,66,4.27,broken clouds,2022-02-02 22:34:21
141,Whitehorse,60.7161,-135.0538,-3.98,71,75,8.05,broken clouds,2022-02-02 22:31:23
142,Sault Sainte Marie,46.5168,-84.3333,17.89,62,100,8.05,overcast clouds,2022-02-02 22:29:34
143,Vanderhoof,54.0166,-124.0198,13.77,91,100,3.94,snow,2022-02-02 22:34:21
144,Asau,46.4333,26.4,22.12,89,87,6.24,overcast clouds,2022-02-02 22:34:22
145,Kutum,14.2,24.6667,65.14,22,39,9.91,scattered clouds,2022-02-02 22:34:22
146,Sao Felix Do Xingu,-6.6447,-51.995,73.15,96,68,3.27,heavy intensity rain,2022-02-02 22:34:22
147,San Julian,21.0167,-102.1667,77.2,19,0,16.08,clear sky,2022-02-02 22:34:23
148,Avarua,-21.2078,-159.775,82.45,78,75,18.41,broken clouds,2022-02-02 22:34:23
149,Yerbogachen,61.2767,108.0108,-4.76,99,98,3.56,overcast clouds,2022-02-02 22:34:23
150,Port Shepstone,-30.7414,30.455,76.95,91,99,16.22,overcast clouds,2022-02-02 22:34:24
151,Saint George,37.1041,-113.5841,43.63,19,0,8.99,clear sky,2022-02-02 22:32:36
152,Inhambane,-23.865,35.3833,75.88,86,13,5.86,few clouds,2022-02-02 22:34:24
153,Salym,60.0625,71.4789,20.71,92,100,10.33,overcast clouds,2022-02-02 22:34:24
154,Kloulklubed,7.0419,134.2556,79.3,75,100,19.08,overcast clouds,2022-02-02 22:34:25
155,Ambilobe,-13.2,49.05,73.47,96,99,0.94,overcast clouds,2022-02-02 22:34:25
156,Gladstone,-23.85,151.25,77.79,88,40,4.61,scattered clouds,2022-02-02 22:34:25
157,Cervo,43.6702,-7.4101,53.96,80,92,6.33,overcast clouds,2022-02-02 22:34:25
158,Caluquembe,-13.7833,14.6833,59.31,71,38,5.73,scattered clouds,2022-02-02 22:34:26
159,Kodiak,57.79,-152.4072,36.91,87,100,4.61,mist,2022-02-02 22:34:26
160,Ossora,59.2353,163.0719,15.76,73,100,11.63,overcast clouds,2022-02-02 22:34:26
161,Faya,18.3851,42.4509,53.71,67,10,1.19,clear sky,2022-02-02 22:34:27
162,Westport,41.1415,-73.3579,43.09,93,0,4.0,clear sky,2022-02-02 22:31:25
163,Plessisville,46.2186,-71.762,33.69,87,100,6.42,overcast clouds,2022-02-02 22:34:27
164,Broome,42.2506,-75.833,40.86,70,75,1.99,broken clouds,2022-02-02 22:34:11
165,Vao,-22.6667,167.4833,77.83,76,97,14.12,overcast clouds,2022-02-02 22:32:37
166,Vestmannaeyjar,63.4427,-20.2734,30.65,75,100,11.3,overcast clouds,2022-02-02 22:34:27
167,Magdagachi,53.45,125.8,-7.24,77,20,7.9,few clouds,2022-02-02 22:34:28
168,Jaffna,9.6685,80.0074,73.56,73,6,7.27,clear sky,2022-02-02 22:33:08
169,Konstantinovka,49.6167,127.9833,-18.54,95,16,4.92,few clouds,2022-02-02 22:34:28
170,Taldan,53.6667,124.8,-5.57,68,21,9.44,few clouds,2022-02-02 22:34:08
171,Havelock,34.8791,-76.9013,60.78,72,53,5.28,broken clouds,2022-02-02 22:31:15
172,Dicabisagan,17.0818,122.4157,73.72,82,73,3.13,broken clouds,2022-02-02 22:34:29
173,Vangaindrano,-23.35,47.6,73.02,81,33,4.03,scattered clouds,2022-02-02 22:34:29
174,Constitucion,-35.3333,-72.4167,62.73,77,38,7.92,scattered clouds,2022-02-02 22:30:56
175,Tiksi,71.6872,128.8694,-5.15,97,100,6.85,overcast clouds,2022-02-02 22:30:13
176,Ornskoldsvik,63.2909,18.7153,9.55,92,100,3.44,overcast clouds,2022-02-02 22:29:50
177,Mount Pleasant,32.7941,-79.8626,66.34,82,0,1.01,clear sky,2022-02-02 22:30:13
178,Hicaque,15.7561,-87.3438,82.31,83,0,6.91,clear sky,2022-02-02 22:34:30
179,Mount Gambier,-37.8333,140.7667,58.91,63,100,11.5,overcast clouds,2022-02-02 22:33:45
180,Aranos,-24.1333,19.1167,70.48,72,94,6.76,light rain,2022-02-02 22:34:30
181,Porto Novo,6.4965,2.6036,76.46,77,1,5.46,clear sky,2022-02-02 22:34:30
182,Chalinze,-6.6378,38.354,72.55,98,100,3.27,light rain,2022-02-02 22:34:31
183,Bangassou,4.7413,22.8184,79.97,37,100,2.53,overcast clouds,2022-02-02 22:34:31
184,Katsuura,35.1333,140.3,41.18,51,44,8.3,scattered clouds,2022-02-02 22:34:19
185,Sinop,41.7711,34.8709,38.86,84,100,13.6,overcast clouds,2022-02-02 22:35:31
186,Myitkyina,25.3833,97.4,49.19,94,20,2.73,few clouds,2022-02-02 22:35:32
187,Raga,8.4596,25.678,74.86,23,92,3.76,overcast clouds,2022-02-02 22:35:32
188,Ust-Kuyga,70.0167,135.6,-21.57,96,90,6.62,overcast clouds,2022-02-02 22:35:32
189,Kirkenaer,60.4564,12.0582,20.68,99,80,2.46,broken clouds,2022-02-02 22:35:33
190,Villeneuve-Sur-Lot,44.5,0.6667,45.72,90,2,4.92,clear sky,2022-02-02 22:35:33
191,Manggar,-2.8833,108.2667,78.24,85,100,5.46,overcast clouds,2022-02-02 22:35:33
192,Pevek,69.7008,170.3133,-7.83,75,25,5.23,scattered clouds,2022-02-02 22:31:28
193,Boundiali,9.5217,-6.4869,71.71,10,6,3.6,clear sky,2022-02-02 22:35:34
194,Dracena,-21.4843,-51.535,73.24,92,100,7.34,heavy intensity rain,2022-02-02 22:35:34
195,Ranau,5.9538,116.6641,65.05,95,60,0.47,broken clouds,2022-02-02 22:35:34
196,Kolosovka,56.4678,73.611,17.29,87,100,10.98,overcast clouds,2022-02-02 22:35:35
197,Souillac,-20.5167,57.5167,80.37,94,75,31.07,moderate rain,2022-02-02 22:35:35
198,Bria,6.5423,21.9863,79.47,21,97,3.69,overcast clouds,2022-02-02 22:35:35
199,Port Blair,11.6667,92.75,77.04,78,20,4.61,mist,2022-02-02 22:35:36
200,Baruun-Urt,46.6806,113.2792,-11.96,94,65,3.31,broken clouds,2022-02-02 22:35:36
201,Sladkovo,55.5284,70.3385,21.38,95,100,8.95,overcast clouds,2022-02-02 22:32:10
202,Wewak,-3.5534,143.6268,78.93,83,100,5.61,overcast clouds,2022-02-02 22:35:36
203,Beringovskiy,63.05,179.3167,4.39,78,83,20.24,broken clouds,2022-02-02 22:34:21
204,Pangnirtung,66.1451,-65.7125,6.8,78,100,23.02,light snow,2022-02-02 22:35:37
205,Beyneu,45.3167,55.2,33.03,82,14,14.36,few clouds,2022-02-02 22:30:41
206,Prieska,-29.6641,22.7474,68.77,81,75,6.46,light rain,2022-02-02 22:35:37
207,Airai,-8.9266,125.4092,62.89,85,100,2.77,heavy intensity rain,2022-02-02 22:35:38
208,Amnat Charoen,15.9167,104.75,71.31,85,73,12.26,broken clouds,2022-02-02 22:35:38
209,Ribeira Grande,38.5167,-28.7,59.68,74,9,9.6,clear sky,2022-02-02 22:35:38
210,Rayagada,19.1667,83.4167,63.05,97,6,1.54,clear sky,2022-02-02 22:35:38
211,Yar-Sale,66.8333,70.8333,0.64,97,100,13.38,light snow,2022-02-02 22:33:12
212,Shimoda,34.6667,138.95,40.1,61,48,21.54,scattered clouds,2022-02-02 22:35:39
213,Zhengjiatun,43.5064,123.5064,-3.59,87,4,5.1,clear sky,2022-02-02 22:35:39
214,Praia,14.9215,-23.5087,72.14,68,2,20.71,clear sky,2022-02-02 22:32:31
215,Port-Cartier,50.0334,-66.8654,26.74,93,100,11.01,overcast clouds,2022-02-02 22:35:26
216,High Rock,26.6208,-78.2833,73.42,59,9,17.76,clear sky,2022-02-02 22:35:40
217,Graaff-Reinet,-32.2522,24.5308,67.93,91,100,5.5,moderate rain,2022-02-02 22:35:40
218,Abu Dhabi,24.4667,54.3667,67.96,67,40,2.3,scattered clouds,2022-02-02 22:35:40
219,Qandala,11.472,49.8728,72.39,70,2,4.88,clear sky,2022-02-02 22:35:41
220,Chapais,49.7834,-74.8492,13.78,90,100,7.72,overcast clouds,2022-02-02 22:35:41
221,Hithadhoo,-0.6,73.0833,81.61,69,47,3.76,scattered clouds,2022-02-02 22:33:07
222,Osinovo,55.8809,48.881,23.09,99,98,1.19,overcast clouds,2022-02-02 22:35:41
223,San Policarpo,12.1791,125.5072,79.11,83,81,16.87,broken clouds,2022-02-02 22:35:42
224,Kaberamaido,1.7389,33.1594,77.18,42,98,1.86,overcast clouds,2022-02-02 22:35:42
225,Barabai,-2.5833,115.3833,74.21,92,87,0.78,overcast clouds,2022-02-02 22:35:42
226,Puksoozero,62.5903,40.6066,9.45,98,100,2.1,overcast clouds,2022-02-02 22:35:42
227,Altay,47.8667,88.1167,3.97,72,10,6.96,clear sky,2022-02-02 22:35:43
228,Balkhash,46.844,74.9804,9.45,77,99,10.63,overcast clouds,2022-02-02 22:33:54
229,Domoni,-12.2569,44.5319,79.25,83,100,3.78,overcast clouds,2022-02-02 22:36:43
230,Panalingaan,8.7842,117.4231,76.87,85,16,3.44,few clouds,2022-02-02 22:36:43
231,Tokur,53.1333,132.9,-29.51,100,31,2.71,scattered clouds,2022-02-02 22:36:44
232,Divo,5.8397,-5.36,72.43,94,36,3.33,scattered clouds,2022-02-02 22:36:44
233,Portland,45.5234,-122.6762,46.58,92,100,1.99,overcast clouds,2022-02-02 22:33:05
234,Carnduff,49.1667,-101.8009,-12.62,92,14,6.73,few clouds,2022-02-02 22:36:44
235,Arraial Do Cabo,-22.9661,-42.0278,76.96,94,75,3.44,broken clouds,2022-02-02 22:33:50
236,Guerrero Negro,27.9769,-114.0611,64.6,44,2,13.82,clear sky,2022-02-02 22:32:48
237,Inta,66.0317,60.1659,12.18,96,100,3.98,overcast clouds,2022-02-02 22:36:45
238,Tautira,-17.7333,-149.15,87.82,77,15,18.14,light rain,2022-02-02 22:35:21
239,Dombarovskiy,50.7587,59.5386,14.79,91,99,8.57,overcast clouds,2022-02-02 22:36:45
240,Kushiro,42.975,144.3747,14.95,79,40,4.61,scattered clouds,2022-02-02 22:36:46
241,Sinnamary,5.3833,-52.95,78.37,82,67,11.97,light rain,2022-02-02 22:36:46
242,Tondano,1.3038,124.9112,66.29,88,99,1.99,overcast clouds,2022-02-02 22:36:46
243,Buchanan,5.8808,-10.0467,76.96,82,25,7.56,scattered clouds,2022-02-02 22:36:47
244,Torbay,47.6666,-52.7314,24.49,85,20,8.05,few clouds,2022-02-02 22:36:47
245,Adet,11.2644,37.4888,58.93,69,66,2.37,broken clouds,2022-02-02 22:36:47
246,Marfino,55.7028,37.3822,23.14,93,0,4.47,light snow,2022-02-02 22:36:47
247,Yumaguzino,52.9041,56.3933,28.6,91,100,9.69,overcast clouds,2022-02-02 22:36:48
248,Vanimo,-2.6741,141.3028,78.46,86,99,3.53,light rain,2022-02-02 22:36:48
249,Kiruna,67.8557,20.2251,2.32,85,100,0.0,overcast clouds,2022-02-02 22:36:07
250,Viedma,-40.8135,-62.9967,78.44,32,17,7.0,few clouds,2022-02-02 22:35:09
251,Podosinovets,60.2776,47.0659,21.72,94,100,7.45,overcast clouds,2022-02-02 22:36:49
252,San Ignacio,17.1561,-89.0714,89.74,58,20,4.61,few clouds,2022-02-02 22:36:28
253,Manokwari,-0.8667,134.0833,78.26,77,97,0.69,overcast clouds,2022-02-02 22:36:49
254,Coquimbo,-29.9533,-71.3436,67.73,72,0,9.22,clear sky,2022-02-02 22:36:49
255,Sotuta,20.6,-89.0167,85.44,49,7,9.42,clear sky,2022-02-02 22:36:50
256,Moindou,-21.6924,165.677,85.95,68,48,3.33,scattered clouds,2022-02-02 22:33:41
257,Fallon,39.4735,-118.7774,38.91,30,20,11.5,few clouds,2022-02-02 22:36:50
258,Tasiilaq,65.6145,-37.6368,15.96,83,100,3.67,overcast clouds,2022-02-02 22:36:51
259,Sadovoye,47.7764,44.5089,34.52,94,100,9.48,light snow,2022-02-02 22:36:51
260,Baykit,61.67,96.37,1.54,99,100,2.06,overcast clouds,2022-02-02 22:36:51
261,Magole,-6.3667,37.3667,69.75,97,100,2.1,light rain,2022-02-02 22:36:51
262,Lorengau,-2.0226,147.2712,80.26,80,100,11.54,light rain,2022-02-02 22:36:52
263,Bandarbeyla,9.4942,50.8122,74.62,73,15,16.71,few clouds,2022-02-02 22:36:52
264,East London,-33.0153,27.9116,74.53,94,67,12.88,light rain,2022-02-02 22:35:25
265,Iquique,-20.2208,-70.1431,71.64,78,19,7.7,few clouds,2022-02-02 22:33:00
266,Nanortalik,60.1432,-45.2371,8.1,63,43,7.74,scattered clouds,2022-02-02 22:36:53
267,La Ronge,55.1001,-105.2842,-10.95,40,0,2.3,clear sky,2022-02-02 22:36:53
268,Vestmanna,62.1564,-7.1664,38.32,87,75,10.36,broken clouds,2022-02-02 22:36:53
269,Buala,-8.145,159.5921,81.88,80,100,8.34,moderate rain,2022-02-02 22:32:32
270,Hvide Sande,56.0045,8.1294,43.09,91,100,15.82,overcast clouds,2022-02-02 22:36:54
271,Parnamirim,-5.9156,-35.2628,82.74,78,20,12.66,few clouds,2022-02-02 22:36:54
272,Hambantota,6.1241,81.1185,72.1,84,5,9.17,clear sky,2022-02-02 22:37:54
273,Sudak,44.85,34.9667,45.82,95,100,6.46,overcast clouds,2022-02-02 22:37:55
274,Gwanda,-20.9333,29.0,76.42,58,92,3.85,overcast clouds,2022-02-02 22:37:55
275,Trairi,-3.2778,-39.2689,78.8,80,17,8.37,few clouds,2022-02-02 22:37:55
276,Shubarkuduk,49.1447,56.4872,16.25,91,70,9.06,broken clouds,2022-02-02 22:37:55
277,Bogorodskoye,56.55,37.8833,20.26,96,100,4.5,overcast clouds,2022-02-02 22:37:56
278,San Patricio,28.017,-97.5169,79.48,75,88,12.21,overcast clouds,2022-02-02 22:37:56
279,Porto Seguro,-16.4497,-39.0647,81.12,83,20,5.75,few clouds,2022-02-02 22:37:56
280,Pitea,65.3172,21.4794,10.09,96,95,5.46,overcast clouds,2022-02-02 22:37:57
281,Manyana,-23.4,21.7167,69.85,82,85,7.54,light rain,2022-02-02 22:37:57
282,Stornoway,58.2093,-6.3865,48.16,94,75,8.01,light rain,2022-02-02 22:37:57
283,Pacasmayo,-7.4006,-79.5714,73.29,72,30,16.24,scattered clouds,2022-02-02 22:37:58
284,Sangar,63.9242,127.4739,-33.21,100,61,2.98,broken clouds,2022-02-02 22:33:13
285,Lufilufi,-13.8745,-171.5986,74.98,77,100,17.69,light rain,2022-02-02 22:37:58
286,Sal Rei,16.1833,-22.9167,70.36,83,0,17.98,clear sky,2022-02-02 22:37:58
287,Ust-Maya,60.4167,134.5333,-22.9,98,100,1.57,overcast clouds,2022-02-02 22:37:59
288,Talnakh,69.4865,88.3972,-7.55,99,93,6.22,overcast clouds,2022-02-02 22:37:59
289,Valparaiso,-33.0393,-71.6273,75.43,58,0,9.22,clear sky,2022-02-02 22:34:15
290,Conceicao Do Mato Dentro,-19.0372,-43.425,69.19,96,100,1.79,light rain,2022-02-02 22:37:59
291,Maues,-3.3836,-57.7186,75.34,97,100,1.1,overcast clouds,2022-02-02 22:38:00
292,Butaritari,3.0707,172.7902,81.66,79,28,17.27,light rain,2022-02-02 22:38:00
293,Berlevag,70.8578,29.0864,19.2,64,100,11.88,light snow,2022-02-02 22:38:00
294,Geraldton,-28.7667,114.6,84.61,18,0,20.71,clear sky,2022-02-02 22:38:00
295,Kaeo,-35.1,173.7833,73.33,84,99,11.83,overcast clouds,2022-02-02 22:38:01
296,Richards Bay,-28.783,32.0377,76.87,83,6,14.92,clear sky,2022-02-02 22:38:01
297,Kavieng,-2.5744,150.7967,78.96,84,100,14.27,light rain,2022-02-02 22:35:38
298,Kruisfontein,-34.0033,24.7314,68.88,92,100,7.38,light rain,2022-02-02 22:38:01
299,Half Moon Bay,37.4636,-122.4286,65.01,29,0,4.0,clear sky,2022-02-02 22:35:29
300,Tromso,69.6496,18.957,12.22,79,20,3.44,few clouds,2022-02-02 22:38:02
301,Rocha,-34.4833,-54.3333,71.2,81,0,11.68,clear sky,2022-02-02 22:38:02
302,Boyle,37.6334,-84.8666,47.59,93,100,8.05,light rain,2022-02-02 22:38:02
303,Mayya,61.7333,130.2811,-34.69,100,94,1.28,overcast clouds,2022-02-02 22:38:03
304,Mabai,23.0128,104.4508,41.29,96,100,2.37,overcast clouds,2022-02-02 22:38:03
305,Tambau,-21.705,-47.2744,72.27,98,99,2.04,overcast clouds,2022-02-02 22:38:03
306,Shiloh,38.5614,-89.8973,22.64,87,100,13.8,overcast clouds,2022-02-02 22:38:04
307,Wegorzewo,54.2157,21.7372,20.61,97,86,5.93,overcast clouds,2022-02-02 22:38:04
308,Havre-Saint-Pierre,50.2334,-63.5986,26.6,86,100,13.8,overcast clouds,2022-02-02 22:38:04
309,Cayenne,4.9333,-52.3333,80.1,85,100,5.99,overcast clouds,2022-02-02 22:36:42
310,Puerto Rondon,6.2805,-71.1,88.34,31,28,4.83,scattered clouds,2022-02-02 22:38:05
311,Kholmogory,64.2229,41.656,12.31,97,100,1.77,light snow,2022-02-02 22:38:05
312,Zwedru,6.0667,-8.1281,74.64,80,43,5.06,scattered clouds,2022-02-02 22:38:05
313,Kununurra,-15.7667,128.7333,76.98,88,40,5.75,scattered clouds,2022-02-02 22:38:06
314,Mikkeli,61.6886,27.2723,2.14,84,0,3.44,clear sky,2022-02-02 22:38:06
315,Gorom-Gorom,14.4439,-0.2361,69.96,12,16,8.48,few clouds,2022-02-02 22:38:06
316,Lompoc,34.6391,-120.4579,65.79,20,0,14.97,clear sky,2022-02-02 22:33:25
317,Saldanha,-33.0117,17.9442,66.25,88,63,7.94,broken clouds,2022-02-02 22:38:07
318,Takoradi,4.8845,-1.7554,80.02,81,1,9.28,clear sky,2022-02-02 22:38:07
319,Atambua,-9.1061,124.8925,74.88,86,95,2.62,light rain,2022-02-02 22:38:07
320,Vila Franca Do Campo,37.7167,-25.4333,58.19,80,19,8.57,few clouds,2022-02-02 22:39:08
321,Samarai,-10.6167,150.6667,81.59,75,98,6.58,overcast clouds,2022-02-02 22:39:08
322,Santa Rosalia,27.3167,-112.2833,60.8,56,25,16.04,scattered clouds,2022-02-02 22:39:08
323,Jijiga,9.35,42.8,60.08,51,100,9.55,overcast clouds,2022-02-02 22:39:09
324,Eirunepe,-6.6603,-69.8736,73.56,98,99,2.33,heavy intensity rain,2022-02-02 22:39:09
325,Port Hedland,-20.3167,118.5667,77.05,100,97,5.75,overcast clouds,2022-02-02 22:39:09
326,Bela,25.9333,81.9833,52.86,65,1,7.9,clear sky,2022-02-02 22:39:10
327,Severo-Kurilsk,50.6789,156.125,29.14,78,98,7.54,overcast clouds,2022-02-02 22:34:19
328,Aklavik,68.2191,-135.0107,-22.0,76,75,2.3,broken clouds,2022-02-02 22:39:10
329,Chitral,35.8462,71.7858,28.85,62,100,11.16,overcast clouds,2022-02-02 22:39:10
330,Imeni Poliny Osipenko,52.4201,136.4853,-28.46,100,97,1.7,overcast clouds,2022-02-02 22:39:11
331,Ust-Karsk,52.7011,118.8077,-26.99,100,65,1.48,broken clouds,2022-02-02 22:39:11
332,Mehamn,71.0357,27.8492,25.07,73,100,9.91,light snow,2022-02-02 22:39:11
333,Bairiki,1.3292,172.9752,80.6,89,75,3.44,light rain,2022-02-02 22:39:12
334,Castlerea,53.7667,-8.5,47.01,89,96,12.08,overcast clouds,2022-02-02 22:39:12
335,Norman Wells,65.282,-126.8329,-21.96,69,75,13.8,broken clouds,2022-02-02 22:39:12
336,Ludvika,60.1496,15.1878,24.04,94,87,1.01,overcast clouds,2022-02-02 22:39:13
337,Ojinaga,29.5667,-104.4167,58.15,38,75,10.36,broken clouds,2022-02-02 22:39:13
338,Koutsouras,35.0339,25.9469,56.1,70,99,22.77,overcast clouds,2022-02-02 22:39:13
339,High Level,58.5169,-117.136,-9.29,70,40,3.44,scattered clouds,2022-02-02 22:39:13
340,Tecoanapa,16.5167,-98.75,81.1,58,0,8.99,clear sky,2022-02-02 22:35:33
341,Bilibino,68.0546,166.4372,-6.84,63,49,4.9,scattered clouds,2022-02-02 22:39:14
342,Mackay,-21.15,149.2,86.68,79,40,5.75,scattered clouds,2022-02-02 22:39:14
343,Khani,41.9563,42.9566,38.77,74,98,10.13,overcast clouds,2022-02-02 22:39:15
344,Abu Samrah,35.3029,37.1841,48.42,55,92,11.23,overcast clouds,2022-02-02 22:39:15
345,Sinj,43.7036,16.6394,46.29,72,19,9.26,few clouds,2022-02-02 22:39:15
346,Coihaique,-45.5752,-72.0662,67.95,52,40,6.91,scattered clouds,2022-02-02 22:39:16
347,Lithakia,37.7167,20.8333,49.59,71,91,18.79,overcast clouds,2022-02-02 22:39:16
348,Porosozero,62.7191,32.727,-0.11,100,93,2.82,overcast clouds,2022-02-02 22:39:16
349,Domodossola,46.1165,8.2931,51.82,71,4,9.6,clear sky,2022-02-02 22:39:16
350,Matara,5.9485,80.5353,70.84,89,4,6.53,clear sky,2022-02-02 22:39:17
351,Orange Cove,36.6244,-119.3137,60.84,52,10,4.38,clear sky,2022-02-02 22:39:17
352,Amuntai,-2.4177,115.2494,73.69,95,80,0.09,broken clouds,2022-02-02 22:34:42
353,Jinchang,38.4953,102.1739,17.83,38,42,4.12,scattered clouds,2022-02-02 22:39:18
354,Tahe,52.3333,124.7333,-8.59,81,13,6.55,few clouds,2022-02-02 22:39:18
355,Zhigalovo,54.8097,105.1578,-17.27,100,100,0.94,overcast clouds,2022-02-02 22:39:18
356,Buzmeyin,38.0507,58.2056,37.13,56,0,2.3,clear sky,2022-02-02 22:39:19
357,Puerto Escondido,15.85,-97.0667,83.23,74,20,8.05,few clouds,2022-02-02 22:39:19
358,Christchurch,-43.5333,172.6333,82.99,55,100,5.01,light rain,2022-02-02 22:35:14
359,Progreso,21.2833,-89.6667,91.51,51,0,12.15,clear sky,2022-02-02 22:39:19
360,San Cristobal,7.7669,-72.225,78.98,41,21,3.22,few clouds,2022-02-02 22:36:53
361,Tessalit,20.1986,1.0114,61.72,13,0,10.33,clear sky,2022-02-02 22:39:20
362,Hamilton,39.1834,-84.5333,45.23,95,100,0.0,moderate rain,2022-02-02 22:37:55
363,Newtownards,54.5924,-5.6909,49.95,84,40,1.01,scattered clouds,2022-02-02 22:35:49
364,Tottori,35.5,134.2333,33.87,80,75,4.61,broken clouds,2022-02-02 22:38:35
365,Pajapan,18.25,-94.7,80.58,69,0,8.88,clear sky,2022-02-02 22:40:20
366,Dunedin,-45.8742,170.5036,55.42,92,100,10.98,light rain,2022-02-02 22:40:21
367,Krasnyy Kut,50.95,46.9667,33.22,99,100,15.46,snow,2022-02-02 22:40:21
368,Minudasht,37.2289,55.3747,49.51,53,0,11.48,clear sky,2022-02-02 22:40:21
369,Taoudenni,22.6783,-3.9836,66.06,19,15,13.4,few clouds,2022-02-02 22:40:22
370,Tuatapere,-46.1333,167.6833,58.82,81,100,7.2,overcast clouds,2022-02-02 22:39:12
371,Deputatskiy,69.3,139.9,-24.95,93,20,5.84,few clouds,2022-02-02 22:40:22
372,Wuda,39.4994,106.7117,16.97,25,88,5.28,overcast clouds,2022-02-02 22:40:22
373,Belogorsk,50.9158,128.4611,-21.26,100,23,4.94,few clouds,2022-02-02 22:40:23
374,Pirapora,-17.345,-44.9419,73.27,86,98,3.76,overcast clouds,2022-02-02 22:40:23
375,Shache,38.4167,77.2406,28.17,44,100,2.1,overcast clouds,2022-02-02 22:40:23
376,Hualmay,-11.0964,-77.6139,73.24,73,5,12.66,clear sky,2022-02-02 22:40:24
377,Vodnyy,63.5046,53.4095,17.2,98,100,4.27,overcast clouds,2022-02-02 22:40:24
378,Acapulco,16.8634,-99.8901,84.02,61,0,9.22,clear sky,2022-02-02 22:35:31
379,Gigmoto,13.7796,124.39,77.4,88,100,11.86,overcast clouds,2022-02-02 22:40:24
380,Charleston,32.7766,-79.9309,63.09,82,40,5.99,scattered clouds,2022-02-02 22:40:24
381,Saint-Georges,12.0564,-61.7485,80.28,69,20,24.16,few clouds,2022-02-02 22:40:25
382,Tyukhtet,56.5389,89.3011,7.23,97,96,3.87,overcast clouds,2022-02-02 22:40:25
383,Mae Ramat,16.984,98.5166,59.58,68,5,1.63,clear sky,2022-02-02 22:40:25
384,Inuvik,68.3499,-133.7218,-20.99,75,20,3.44,few clouds,2022-02-02 22:40:26
385,Waingapu,-9.6567,120.2641,79.65,78,19,9.51,few clouds,2022-02-02 22:40:26
386,Cardoso,-20.0819,-49.9142,73.08,90,91,7.38,overcast clouds,2022-02-02 22:40:26
387,Maceio,-9.6658,-35.7353,81.84,78,0,9.22,clear sky,2022-02-02 22:37:16
388,Nadym,65.5333,72.5167,4.78,96,100,13.91,light snow,2022-02-02 22:40:27
389,Ravar,31.2656,56.8055,43.86,43,0,0.54,clear sky,2022-02-02 22:40:27
390,Tiznit,29.5833,-9.5,66.69,25,66,7.54,broken clouds,2022-02-02 22:40:27
391,Arona,28.0996,-16.681,63.91,62,75,1.01,broken clouds,2022-02-02 22:40:28
392,Chipata,-13.6333,32.65,64.06,96,6,4.27,clear sky,2022-02-02 22:40:28
393,Miraflores,19.2167,-98.8083,73.02,35,1,6.89,clear sky,2022-02-02 22:40:28
394,Maarianhamina,60.0973,19.9348,13.86,100,40,3.44,mist,2022-02-02 22:40:29
395,Chokurdakh,70.6333,147.9167,-21.08,98,93,7.23,overcast clouds,2022-02-02 22:38:15
396,Hofn,64.2539,-15.2082,30.11,56,100,7.76,overcast clouds,2022-02-02 22:40:29
397,Namatanai,-3.6667,152.4333,80.24,80,100,8.14,light rain,2022-02-02 22:40:29
398,Trelew,-43.249,-65.3051,75.97,29,100,14.0,overcast clouds,2022-02-02 22:40:30
399,Kuna,43.4918,-116.4201,35.85,43,75,3.0,broken clouds,2022-02-02 22:40:30
400,Halifax,44.6453,-63.5724,35.22,86,100,1.01,overcast clouds,2022-02-02 22:39:58
401,Angoche,-16.2325,39.9086,75.58,87,26,3.6,scattered clouds,2022-02-02 22:40:30
402,Mwinilunga,-11.7358,24.4293,61.0,96,99,1.61,light rain,2022-02-02 22:40:31
403,Dalby,-27.1833,151.2667,77.7,81,100,4.0,overcast clouds,2022-02-02 22:40:31
404,Lahaina,20.8783,-156.6825,82.4,72,0,2.75,clear sky,2022-02-02 22:37:27
405,Phan Thiet,10.9333,108.1,71.38,84,2,6.51,clear sky,2022-02-02 22:40:31
406,Athabasca,54.7169,-113.2854,-5.39,88,100,10.49,overcast clouds,2022-02-02 22:40:32
407,Elko,41.0002,-115.5012,26.62,37,9,5.46,clear sky,2022-02-02 22:40:32
408,Krasnoselkup,65.7,82.4667,-21.87,100,89,6.22,overcast clouds,2022-02-02 22:40:32
409,George,-33.963,22.4617,67.55,94,100,5.75,overcast clouds,2022-02-02 22:40:33
410,Casablanca,33.5928,-7.6192,60.33,67,97,4.0,overcast clouds,2022-02-02 22:36:46
411,Ulaanbaatar,47.9077,106.8832,-23.67,69,0,0.0,clear sky,2022-02-02 22:40:33
412,Fort Nelson,58.8053,-122.7002,-6.21,77,100,6.91,overcast clouds,2022-02-02 22:37:55
413,Grand Gaube,-20.0064,57.6608,80.38,84,100,21.99,heavy intensity rain,2022-02-02 22:41:22
414,The Valley,18.217,-63.0578,78.94,73,20,10.36,few clouds,2022-02-02 22:41:33
415,Coxim,-18.5067,-54.76,75.33,90,100,4.0,overcast clouds,2022-02-02 22:41:34
416,Saint-Augustin,51.226,-58.6502,23.72,89,100,23.73,overcast clouds,2022-02-02 22:41:34
417,Ismailia,30.6043,32.2723,56.75,49,48,5.44,scattered clouds,2022-02-02 22:41:34
418,Ketchikan,55.3422,-131.6461,37.38,100,100,4.61,mist,2022-02-02 22:38:59
419,Makakilo City,21.3469,-158.0858,80.69,59,0,8.05,clear sky,2022-02-02 22:41:35
420,Moerai,-22.4333,-151.3333,80.04,76,91,16.71,overcast clouds,2022-02-02 22:41:35
421,Delta,5.5,6.0,76.91,78,4,2.62,clear sky,2022-02-02 22:41:35
422,Nchelenge,-9.3451,28.734,69.33,87,100,4.41,moderate rain,2022-02-02 22:41:36
423,Sao Joao Da Barra,-21.6403,-41.0511,74.88,90,100,6.85,moderate rain,2022-02-02 22:41:36
424,Mahanje,-9.9333,35.3333,64.47,97,100,2.35,light rain,2022-02-02 22:41:36
425,Mahajanga,-15.7167,46.3167,80.62,89,40,4.61,scattered clouds,2022-02-02 22:41:37
426,Batagay-Alyta,67.8006,130.4114,-25.6,99,62,3.74,broken clouds,2022-02-02 22:41:37
427,Otane,-39.8833,176.6333,76.39,31,100,1.32,light rain,2022-02-02 22:41:37
428,Concordia,-31.393,-58.0209,89.13,33,59,8.81,broken clouds,2022-02-02 22:39:28
429,Peace River,56.2501,-117.286,-1.89,71,100,3.44,light snow,2022-02-02 22:36:54
430,Araguaina,-7.1911,-48.2072,75.07,89,15,3.8,few clouds,2022-02-02 22:41:38
431,Macamic,48.7502,-78.9996,14.23,87,100,7.61,overcast clouds,2022-02-02 22:41:38
432,Aitape,-3.1374,142.3475,78.73,86,100,3.67,overcast clouds,2022-02-02 22:41:38
433,Wad Madani,14.4012,33.5199,73.85,18,38,10.74,scattered clouds,2022-02-02 22:41:39
434,Korla,41.7597,86.1469,22.39,58,11,6.26,few clouds,2022-02-02 22:36:48
435,Raton,36.9034,-104.4391,17.06,67,100,10.36,overcast clouds,2022-02-02 22:41:39
436,Mizan Teferi,6.9833,35.5833,65.97,61,96,2.46,overcast clouds,2022-02-02 22:41:39
437,Massena,44.9281,-74.8919,45.52,52,100,4.61,overcast clouds,2022-02-02 22:41:40
438,Pacific Grove,36.6177,-121.9166,65.43,28,0,3.0,clear sky,2022-02-02 22:41:40
439,Itarema,-2.9248,-39.9167,79.57,79,52,10.87,broken clouds,2022-02-02 22:41:40
440,Goderich,43.7501,-81.7165,27.91,93,100,12.66,snow,2022-02-02 22:41:40
441,Wattegama,6.7989,81.4808,66.76,92,47,3.98,scattered clouds,2022-02-02 22:41:41
442,Vaitape,-16.5167,-151.75,81.16,72,17,19.44,few clouds,2022-02-02 22:41:41
443,Harlingen,26.1906,-97.6961,81.34,78,20,16.11,few clouds,2022-02-02 22:41:41
444,Pisco,-13.7,-76.2167,77.05,57,0,20.71,clear sky,2022-02-02 22:41:42
445,Pemba,-12.974,40.5178,79.5,89,20,5.75,few clouds,2022-02-02 22:41:42
446,Nara,34.6851,135.8049,43.88,62,96,4.14,overcast clouds,2022-02-02 22:39:33
447,Ibra,22.6906,58.5334,65.34,44,0,8.37,clear sky,2022-02-02 22:41:42
448,Pocone,-16.2567,-56.6228,76.5,89,100,3.8,overcast clouds,2022-02-02 22:41:43
449,Mizdah,31.4451,12.9801,51.1,59,100,20.07,overcast clouds,2022-02-02 22:41:43
450,Nanning,22.8167,108.3167,46.85,83,100,6.15,overcast clouds,2022-02-02 22:41:43
451,Touros,-5.1989,-35.4608,83.3,72,33,12.86,scattered clouds,2022-02-02 22:41:44
452,Tocache,-8.1842,-76.5125,75.72,83,93,1.5,overcast clouds,2022-02-02 22:41:44
453,Marsa Matruh,31.3525,27.2453,55.83,52,98,14.25,overcast clouds,2022-02-02 22:41:44
454,Nantucket,41.2835,-70.0995,44.15,94,99,12.71,overcast clouds,2022-02-02 22:41:45
455,Nesbyen,60.5681,9.1027,9.86,98,94,3.89,overcast clouds,2022-02-02 22:41:45
456,Avera,33.194,-82.5271,65.71,77,93,5.79,overcast clouds,2022-02-02 22:41:45
457,Longyearbyen,78.2186,15.6401,15.64,67,0,20.71,clear sky,2022-02-02 22:41:46
458,Alcazar De San Juan,39.3901,-3.2083,37.11,64,8,2.86,clear sky,2022-02-02 22:41:46
459,Papara,-3.9839,-38.7273,81.0,92,59,3.42,broken clouds,2022-02-02 22:41:46
460,Tallahassee,30.4383,-84.2807,72.07,52,75,10.36,broken clouds,2022-02-02 22:40:23
461,Soldotna,60.4878,-151.0583,21.96,83,40,3.44,scattered clouds,2022-02-02 22:42:47
462,Turayf,31.6725,38.6637,48.45,46,0,19.57,clear sky,2022-02-02 22:42:47
463,Tupiza,-21.45,-65.7167,60.69,65,47,9.19,scattered clouds,2022-02-02 22:42:47
464,Bethanien,-26.502,17.1583,72.5,54,31,6.11,scattered clouds,2022-02-02 22:42:47
465,Kyzyl-Suu,42.3414,78.0056,21.33,63,100,7.72,overcast clouds,2022-02-02 22:42:48
466,Qasigiannguit,68.8193,-51.1922,-0.15,65,66,11.81,broken clouds,2022-02-02 22:42:48
467,Chekmagush,55.1319,54.6556,28.35,93,100,15.82,snow,2022-02-02 22:42:48
468,Acari,-15.4311,-74.6158,75.88,70,17,8.12,few clouds,2022-02-02 22:42:49
469,Cowra,-33.8333,148.6833,73.27,55,3,5.53,clear sky,2022-02-02 22:42:49
470,Boa Vista,2.8197,-60.6733,89.58,45,20,12.66,few clouds,2022-02-02 22:42:49
471,Bangkalan,-7.0455,112.7351,76.95,87,100,3.76,overcast clouds,2022-02-02 22:42:50
472,Ak-Dovurak,51.1833,90.6,-19.52,93,49,1.14,scattered clouds,2022-02-02 22:42:50
473,Dingli,35.8614,14.3822,53.82,87,0,12.66,clear sky,2022-02-02 22:42:50
474,Santa Margherita Ligure,44.3346,9.212,55.76,57,0,3.0,clear sky,2022-02-02 22:42:51
475,Egvekinot,66.3167,-179.1667,-7.67,78,6,19.44,clear sky,2022-02-02 22:42:51
476,Saint-Francois,46.4154,3.9054,43.41,99,100,1.14,overcast clouds,2022-02-02 22:38:01
477,Bonoua,5.2741,-3.595,80.22,84,14,6.35,few clouds,2022-02-02 22:42:51
478,Ipaba,-19.4136,-42.4194,71.74,100,0,2.3,heavy intensity rain,2022-02-02 22:42:52
479,Quatre Cocos,-20.2078,57.7625,80.1,89,100,30.56,light rain,2022-02-02 22:42:52
480,Ajdabiya,30.7554,20.2263,53.89,62,39,18.41,scattered clouds,2022-02-02 22:42:52
481,Pandan,14.0453,124.1694,77.27,88,100,14.34,overcast clouds,2022-02-02 22:42:52
482,Sorland,67.667,12.6934,28.53,59,100,15.55,overcast clouds,2022-02-02 22:42:53
483,Kemijarvi,66.7131,27.4306,10.98,95,100,3.74,overcast clouds,2022-02-02 22:42:53
484,Mitu,1.1983,-70.1733,78.37,69,96,2.55,overcast clouds,2022-02-02 22:42:53
485,Beatrice,40.2681,-96.747,19.18,38,100,17.27,overcast clouds,2022-02-02 22:42:54
486,Nakonde,-9.3421,32.745,60.53,97,100,4.45,light rain,2022-02-02 22:42:54
487,Oktyabrskiy,54.4815,53.471,28.53,95,100,14.36,snow,2022-02-02 22:42:54
488,Pingliang,35.5392,106.6861,15.8,92,70,2.62,broken clouds,2022-02-02 22:42:55
489,Bom Jesus,-9.0744,-44.3586,77.11,73,28,0.56,scattered clouds,2022-02-02 22:42:55
490,Shenzhen,22.5455,114.0683,59.85,96,100,9.19,overcast clouds,2022-02-02 22:42:51
491,Caramay,10.1815,119.236,78.13,87,100,8.41,overcast clouds,2022-02-02 22:42:55
492,Cravo Norte,6.3017,-70.2041,89.01,37,88,8.88,overcast clouds,2022-02-02 22:42:56
493,Ballina,-28.8667,153.5667,75.16,96,100,6.91,overcast clouds,2022-02-02 22:42:56
494,Mercedes,-34.6515,-59.4307,85.89,91,91,15.57,light rain,2022-02-02 22:42:56
495,Bouca,6.5105,18.2733,72.81,20,17,3.47,few clouds,2022-02-02 22:42:57
496,Nuuk,64.1835,-51.7216,11.01,52,75,9.22,broken clouds,2022-02-02 22:41:07
497,Kitimat,54.0524,-128.6534,19.78,98,100,1.68,snow,2022-02-02 22:42:57
498,Marolambo,-20.05,48.1167,66.4,98,97,3.78,overcast clouds,2022-02-02 22:42:57
499,Saint-Leu,-21.15,55.2833,79.66,88,100,27.25,moderate rain,2022-02-02 22:42:58
500,Resistencia,-27.4606,-58.9839,100.45,18,28,11.5,scattered clouds,2022-02-02 22:40:11
501,Arlit,18.7369,7.3853,63.79,16,0,16.4,clear sky,2022-02-02 22:42:58
502,Hay River,60.8156,-115.7999,-14.82,64,0,3.44,clear sky,2022-02-02 22:40:09
503,Rorvik,64.8621,11.2373,23.02,81,96,20.47,overcast clouds,2022-02-02 22:40:53
504,Moose Factory,51.2585,-80.6094,-4.0,54,0,8.05,clear sky,2022-02-02 22:42:58
505,Cabrero,-37.0333,-72.4,84.15,39,1,9.95,clear sky,2022-02-02 22:42:59
506,Zaqatala,41.6336,46.6433,46.87,43,20,2.3,few clouds,2022-02-02 22:42:59
507,Tara,56.8944,74.371,15.49,90,100,9.28,overcast clouds,2022-02-02 22:43:59
508,Beloha,-25.1667,45.05,72.32,75,0,13.6,clear sky,2022-02-02 22:44:00
509,Bambous Virieux,-20.3428,57.7575,80.22,94,75,31.07,moderate rain,2022-02-02 22:44:00
510,Yola,9.2,12.4833,73.67,20,16,2.35,few clouds,2022-02-02 22:44:00
511,Sao Filipe,14.8961,-24.4956,75.49,65,3,14.38,clear sky,2022-02-02 22:44:01
512,Terenos,-20.4422,-54.8603,83.91,61,40,6.91,scattered clouds,2022-02-02 22:44:01
513,Kirakira,-10.4544,161.9205,83.66,77,100,7.78,moderate rain,2022-02-02 22:44:01
514,Chara,56.9064,118.2631,-24.66,86,45,0.98,scattered clouds,2022-02-02 22:44:02
515,Dalvik,65.9702,-18.5286,17.53,91,97,4.52,overcast clouds,2022-02-02 22:44:02
516,Ulladulla,-35.35,150.4667,66.87,61,88,13.73,overcast clouds,2022-02-02 22:42:46
517,Parana,-31.732,-60.5238,90.46,57,97,3.8,overcast clouds,2022-02-02 22:42:46
518,Nioro,13.35,-15.75,77.85,53,61,6.29,broken clouds,2022-02-02 22:44:02
519,Bousse,12.6606,-1.8922,69.22,13,16,8.28,few clouds,2022-02-02 22:44:03
520,Pakxan,18.3778,103.6601,62.94,89,6,3.53,clear sky,2022-02-02 22:44:03
521,Finschhafen,-6.6024,147.8681,82.17,77,100,11.14,overcast clouds,2022-02-02 22:44:03
522,Sabha,27.0377,14.4283,45.63,43,0,8.77,clear sky,2022-02-02 22:41:18
523,North Bend,43.4065,-124.2243,50.94,97,100,5.75,mist,2022-02-02 22:40:44
524,Terrace Bay,48.7834,-87.1,4.62,85,96,10.65,overcast clouds,2022-02-02 22:44:04
525,Marienburg,54.0359,19.0266,33.12,89,88,6.93,overcast clouds,2022-02-02 22:44:04
526,Korem,12.5058,39.5228,54.52,76,77,6.98,broken clouds,2022-02-02 22:44:04
527,Atherton,53.5237,-2.4935,49.28,87,100,4.47,overcast clouds,2022-02-02 22:44:05
528,Lac-Megantic,45.5834,-70.8823,39.13,95,100,5.01,overcast clouds,2022-02-02 22:44:05
529,Skibbereen,51.55,-9.2667,49.1,88,98,11.5,overcast clouds,2022-02-02 22:44:05
530,Opuwo,-18.0607,13.84,64.11,61,41,2.51,scattered clouds,2022-02-02 22:44:06
531,Ugoofaaru,5.6667,73.0,81.19,71,19,6.67,few clouds,2022-02-02 22:44:06
532,Statesboro,32.4488,-81.7832,68.14,63,100,6.91,overcast clouds,2022-02-02 22:44:06
533,Madang,-5.2246,145.7966,79.29,77,99,4.9,overcast clouds,2022-02-02 22:44:07
534,Hohhot,40.8106,111.6522,-1.91,65,0,6.71,clear sky,2022-02-02 22:44:07
535,Ancud,-41.8697,-73.8203,68.23,78,96,5.59,overcast clouds,2022-02-02 22:44:07
536,Mayo,38.8876,-76.5119,48.07,78,0,3.44,clear sky,2022-02-02 22:43:08
537,Guarapari,-20.6667,-40.4975,80.49,86,100,0.65,overcast clouds,2022-02-02 22:44:08
538,Cascais,38.6979,-9.4215,56.52,69,97,1.01,overcast clouds,2022-02-02 22:40:09
539,Puerto Del Rosario,28.5004,-13.8627,73.08,37,0,6.91,clear sky,2022-02-02 22:44:08
540,Willmar,45.1219,-95.0433,1.09,60,0,16.11,clear sky,2022-02-02 22:44:08
541,Merauke,-8.4667,140.3333,79.07,74,100,5.48,overcast clouds,2022-02-02 22:44:09
542,Biltine,14.5333,20.9167,63.68,12,1,5.88,clear sky,2022-02-02 22:44:09
543,Rurrenabaque,-14.4413,-67.5278,77.81,85,100,1.59,overcast clouds,2022-02-02 22:44:09
544,Karlovac,45.4872,15.5478,39.13,91,0,1.01,clear sky,2022-02-02 22:44:09
545,Olafsvik,64.8945,-23.7142,30.25,52,98,4.27,snow,2022-02-02 22:44:10
546,Tremedal,-14.9758,-41.4108,70.92,91,90,3.91,overcast clouds,2022-02-02 22:44:10
547,Camacha,33.0833,-16.3333,63.54,94,40,10.36,scattered clouds,2022-02-02 22:44:10
548,Tezu,27.9167,96.1667,53.94,62,87,4.12,overcast clouds,2022-02-02 22:44:11
549,Zaria,11.1113,7.7227,62.47,16,45,8.61,scattered clouds,2022-02-02 22:44:11
550,Ayan,56.45,138.1667,-3.53,69,100,15.99,overcast clouds,2022-02-02 22:43:05
551,Praia Da Vitoria,38.7333,-27.0667,57.76,88,40,7.02,scattered clouds,2022-02-02 22:44:12
552,Mattru,7.6244,-11.8332,73.18,94,17,0.76,few clouds,2022-02-02 22:44:12
553,Sorkjosen,69.8,20.9333,16.36,82,66,14.0,broken clouds,2022-02-02 22:44:12
554,Fonte Boa,-2.4959,-66.2662,75.16,96,100,2.51,overcast clouds,2022-02-02 22:44:13
555,Comodoro Rivadavia,-45.8667,-67.5,84.06,21,0,14.97,clear sky,2022-02-02 22:42:51
556,Akaszto,46.6917,19.2042,39.02,71,10,23.22,clear sky,2022-02-02 22:45:13
557,Freeport,40.6576,-73.5832,42.98,86,100,3.0,fog,2022-02-02 22:45:14
558,Biak,-0.9131,122.8766,77.67,75,100,4.59,overcast clouds,2022-02-02 22:45:14
559,Dire Dawa,9.5931,41.8661,65.12,50,87,0.29,overcast clouds,2022-02-02 22:45:14
560,Exeter,50.7236,-3.5275,49.12,83,75,0.0,broken clouds,2022-02-02 22:44:55
561,Tual,-5.6667,132.75,82.99,73,100,8.59,overcast clouds,2022-02-02 22:45:15
562,Santa Fe,-31.6333,-60.7,89.91,60,100,5.3,overcast clouds,2022-02-02 22:45:15
563,Dryden,49.7833,-92.7503,-9.11,64,75,16.11,broken clouds,2022-02-02 22:44:01
564,Shamgarh,24.1833,75.6333,61.25,45,0,10.36,clear sky,2022-02-02 22:45:16
565,Hovd,48.0056,91.6419,-5.87,99,95,0.49,overcast clouds,2022-02-02 22:43:31
566,Qaqortoq,60.7167,-46.0333,3.7,66,65,8.01,broken clouds,2022-02-02 22:45:16
567,Kastamonu,41.5,33.6667,33.35,93,100,1.3,overcast clouds,2022-02-02 22:45:16
568,Asfi,32.2994,-9.2372,62.13,55,60,10.07,broken clouds,2022-02-02 22:45:17
569,Hervey Bay,-25.2986,152.8535,81.03,80,99,11.99,overcast clouds,2022-02-02 22:42:36
570,Karratha,-20.7377,116.8463,81.97,71,100,5.44,overcast clouds,2022-02-02 22:42:19
571,Vanavara,60.34,102.2797,-8.34,100,95,3.24,overcast clouds,2022-02-02 22:43:13
572,Haines Junction,60.7522,-137.5108,1.35,60,100,2.3,overcast clouds,2022-02-02 22:44:16
573,Champerico,14.3,-91.9167,91.94,61,2,9.31,clear sky,2022-02-02 22:45:17
574,Nhulunbuy,-12.2333,136.7667,83.01,83,100,10.36,overcast clouds,2022-02-02 22:45:18
575,Port Augusta,-32.5,137.7667,64.71,47,0,13.91,clear sky,2022-02-02 22:45:18
576,Roald,62.5833,6.1333,33.94,80,0,10.36,clear sky,2022-02-02 22:45:18
577,Wonthaggi,-38.6044,145.5913,62.2,67,99,15.84,overcast clouds,2022-02-02 22:45:19
578,Te Anau,-45.4167,167.7167,62.02,79,100,4.99,overcast clouds,2022-02-02 22:45:19
579,Barza,44.3333,24.7833,32.7,80,100,6.4,overcast clouds,2022-02-02 22:45:19
580,Mbandaka,0.0487,18.2603,74.08,54,100,2.24,overcast clouds,2022-02-02 22:45:20
581,Vredendal,-31.6683,18.5012,70.45,69,100,8.52,overcast clouds,2022-02-02 22:45:20
582,Turukhansk,65.8167,87.9833,-0.69,97,99,6.08,overcast clouds,2022-02-02 22:45:21
583,Marsh Harbour,26.5412,-77.0636,71.46,63,8,16.24,clear sky,2022-02-02 22:45:21
584,Fougamou,-1.2154,10.5838,73.17,97,74,0.96,light rain,2022-02-02 22:45:21
585,Alice Springs,-23.7,133.8833,65.75,82,40,12.66,scattered clouds,2022-02-02 22:45:10
586,Moree,-29.4667,149.85,73.42,88,100,6.91,overcast clouds,2022-02-02 22:45:22
587,Palmas Bellas,9.2319,-80.0867,86.0,72,21,10.09,few clouds,2022-02-02 22:45:22
588,Kotka,60.4664,26.9458,14.32,96,93,4.72,overcast clouds,2022-02-02 22:45:22
589,Manuk Mangkaw,4.8,119.85,80.69,74,90,6.69,light rain,2022-02-02 22:45:23
590,Lebane,42.9239,21.7375,36.64,98,97,4.43,overcast clouds,2022-02-02 22:45:23
591,Maniitsoq,65.4167,-52.9,4.6,71,100,18.9,overcast clouds,2022-02-02 22:45:23
592,Hobyo,5.3505,48.5268,78.3,70,93,19.98,overcast clouds,2022-02-02 22:45:24
593,Tabas,33.5959,56.9244,44.69,44,0,0.81,clear sky,2022-02-02 22:45:24
594,Amapa,1.0,-52.0,71.73,99,100,3.49,light rain,2022-02-02 22:42:14
595,Les Cayes,18.2,-73.75,76.21,78,8,6.71,clear sky,2022-02-02 22:45:24
596,Denpasar,-8.65,115.2167,76.71,88,40,4.61,scattered clouds,2022-02-02 22:45:25
597,Nyrob,60.733,56.7202,21.81,95,100,8.08,overcast clouds,2022-02-02 22:45:25
598,Truth Or Consequences,33.1284,-107.2528,53.91,32,100,13.8,overcast clouds,2022-02-02 22:45:25
599,East Islip,40.732,-73.1857,41.95,86,40,1.01,fog,2022-02-02 22:45:26
600,Ruteng,-8.6136,120.4721,64.62,83,83,2.24,broken clouds,2022-02-02 22:45:26
601,Slobozia,46.7281,29.7078,23.88,76,100,0.94,overcast clouds,2022-02-02 22:46:26
602,Tilichiki,60.4667,166.1,2.55,82,100,10.56,overcast clouds,2022-02-02 22:43:45
603,Mokhsogollokh,61.4681,128.9203,-26.25,100,96,1.81,overcast clouds,2022-02-02 22:46:27
604,Oriximina,-1.7656,-55.8661,76.77,84,67,3.62,broken clouds,2022-02-02 22:46:27
605,Maputo,-25.9653,32.5892,79.23,85,40,1.99,scattered clouds,2022-02-02 22:46:27
606,Puerto Madryn,-42.7692,-65.0385,83.71,26,66,12.97,broken clouds,2022-02-02 22:46:28
607,Sacapulas,15.2867,-91.0872,87.44,43,4,7.25,clear sky,2022-02-02 22:46:28
608,Marawi,7.9986,124.2928,65.64,87,99,1.57,overcast clouds,2022-02-02 22:46:28
609,Barre,44.197,-72.5021,42.55,60,0,8.05,clear sky,2022-02-02 22:46:29
610,Presidencia Roque Saenz Pena,-26.7852,-60.4388,95.58,20,74,1.9,broken clouds,2022-02-02 22:46:29
611,Udachnyy,66.4167,112.4,-33.09,100,45,2.82,scattered clouds,2022-02-02 22:44:47
612,Dunda,-8.1167,34.25,65.82,93,100,2.28,light rain,2022-02-02 22:46:29
613,Peniche,39.3558,-9.3811,56.62,77,95,2.8,overcast clouds,2022-02-02 22:46:30
614,Koltsovo,54.9376,83.1825,13.39,98,100,3.15,overcast clouds,2022-02-02 22:46:30
615,Beira,-19.8436,34.8389,78.89,88,20,5.01,few clouds,2022-02-02 22:46:30
616,Lahij,13.1667,44.5833,71.38,84,100,6.55,overcast clouds,2022-02-02 22:46:30
617,Flin Flon,54.7682,-101.865,-11.36,53,0,12.66,clear sky,2022-02-02 22:45:12
618,Erzin,36.9559,36.2,50.52,76,45,9.6,scattered clouds,2022-02-02 22:46:31
619,Camana,-16.6228,-72.7111,72.68,79,48,8.86,scattered clouds,2022-02-02 22:46:31
620,Maragogi,-9.0122,-35.2225,80.08,76,18,9.93,few clouds,2022-02-02 22:46:31
621,Ust-Nera,64.5667,143.2,-18.31,100,92,2.64,overcast clouds,2022-02-02 22:46:32
622,Poum,-20.2333,164.0167,80.1,75,0,5.88,clear sky,2022-02-02 22:44:55
623,Kieta,-6.2167,155.6333,84.04,72,100,10.4,light rain,2022-02-02 22:46:32
624,Seymchan,62.8833,152.4333,-19.48,98,99,2.37,overcast clouds,2022-02-02 22:46:32
625,Barcelona,41.3888,2.159,58.84,66,0,1.99,clear sky,2022-02-02 22:46:04
626,Chaman,30.9236,66.4512,40.24,54,0,9.26,clear sky,2022-02-02 22:46:33
627,Dubrovnik,42.6481,18.0922,47.84,42,0,12.66,clear sky,2022-02-02 22:44:56
628,Union,40.6334,-74.2663,43.29,93,100,5.75,overcast clouds,2022-02-02 22:45:22
629,Ambon,-3.6954,128.1814,77.14,88,20,4.61,few clouds,2022-02-02 22:46:33
630,Acajutla,13.5928,-89.8275,82.8,65,5,5.55,clear sky,2022-02-02 22:46:34
631,Derzhavinsk,51.1,66.3167,12.49,89,98,6.2,overcast clouds,2022-02-02 22:46:34
632,Emerald,-23.5333,148.1667,77.14,100,40,8.05,scattered clouds,2022-02-02 22:45:59
633,Carauari,-4.8828,-66.8958,73.36,98,100,1.68,heavy intensity rain,2022-02-02 22:46:35
634,Pochutla,15.7432,-96.4661,83.82,52,0,8.86,clear sky,2022-02-02 22:46:35
635,Guanare,9.0418,-69.7421,93.22,36,28,3.44,scattered clouds,2022-02-02 22:46:35
636,Cabedelo,-6.9811,-34.8339,81.27,73,43,13.22,scattered clouds,2022-02-02 22:46:36
637,Ushibuka,32.1906,130.0228,44.64,69,100,11.88,overcast clouds,2022-02-02 22:46:36
638,Buraydah,26.326,43.975,54.05,37,0,9.08,clear sky,2022-02-02 22:46:36
639,Ontario,34.0633,-117.6509,66.65,14,0,3.0,dust,2022-02-02 22:46:36
640,West Wendover,40.7391,-114.0733,29.03,29,55,12.68,broken clouds,2022-02-02 22:46:37
641,Rio Grande,-32.035,-52.0986,74.12,84,0,19.13,clear sky,2022-02-02 22:46:37
642,Marzuq,14.4,46.4667,62.67,45,95,4.05,overcast clouds,2022-02-02 22:46:37
643,Lilongwe,-13.9669,33.7873,65.12,92,10,2.04,clear sky,2022-02-02 22:46:38
644,Matale,7.4721,80.6234,63.16,97,20,2.8,few clouds,2022-02-02 22:46:38
645,Beausejour,50.0622,-96.5167,-9.63,94,96,6.46,overcast clouds,2022-02-02 22:46:38
646,Nevelsk,46.6733,141.8633,19.02,73,98,13.89,overcast clouds,2022-02-02 22:46:39
647,Anthili,38.85,22.4667,44.04,89,100,4.92,overcast clouds,2022-02-02 22:46:39
648,Cadiz,36.5,-5.75,52.79,71,93,4.54,overcast clouds,2022-02-02 22:47:39
649,Yulara,-25.2406,130.9889,66.04,55,100,12.66,overcast clouds,2022-02-02 22:47:40
650,Walvis Bay,-22.9575,14.5053,69.1,75,3,8.93,clear sky,2022-02-02 22:47:40
651,Besikduzu,41.052,39.2284,64.29,66,100,10.69,overcast clouds,2022-02-02 22:47:40
652,Venice,27.0998,-82.4543,78.06,70,0,9.22,haze,2022-02-02 22:45:26
653,Katobu,-4.9408,122.5276,77.05,86,100,1.95,overcast clouds,2022-02-02 22:47:41
654,Maua,-23.6678,-46.4614,69.6,94,100,3.38,moderate rain,2022-02-02 22:47:41
655,Prainha,-1.8,-53.48,78.21,73,88,4.32,overcast clouds,2022-02-02 22:47:41
656,Mlada Vozice,49.5331,14.8086,35.91,86,100,15.7,light snow,2022-02-02 22:47:42
657,Banamba,13.55,-7.45,69.3,17,0,8.61,clear sky,2022-02-02 22:47:42
658,Khasan,42.4308,130.6434,15.3,54,1,19.19,clear sky,2022-02-02 22:47:42
659,Zheleznodorozhnyy,55.7503,38.0042,23.41,99,100,3.62,light snow,2022-02-02 22:47:43
660,Sioux Lookout,50.1001,-91.917,-9.02,64,100,12.66,overcast clouds,2022-02-02 22:42:48
661,Batemans Bay,-35.7167,150.1833,66.99,50,10,8.68,clear sky,2022-02-02 22:43:51
662,Nacala,-14.5428,40.6728,74.1,95,21,3.8,few clouds,2022-02-02 22:47:43
663,Bonthe,7.5264,-12.505,77.88,88,34,7.14,scattered clouds,2022-02-02 22:47:43
664,Taungdwingyi,20.0167,95.55,59.23,53,8,1.7,clear sky,2022-02-02 22:47:44
665,El Playon,7.4713,-73.2031,82.67,70,17,2.68,few clouds,2022-02-02 22:47:44
666,Aqtobe,50.2797,57.2072,19.49,86,100,11.18,overcast clouds,2022-02-02 22:47:44
667,Bartlesville,36.7473,-95.9808,25.36,72,100,21.85,snow,2022-02-02 22:42:58
668,College,64.8569,-147.8028,-1.1,69,20,0.0,few clouds,2022-02-02 22:47:45
669,Jadu,31.953,12.0261,48.29,48,100,20.94,overcast clouds,2022-02-02 22:47:45
670,Kosa,59.9445,54.9977,22.32,95,100,8.52,light snow,2022-02-02 22:47:46
671,Miquelon,47.0975,-56.3814,26.6,67,59,17.52,broken clouds,2022-02-02 22:47:46
672,Palmer,42.1584,-72.3287,42.46,75,75,5.75,broken clouds,2022-02-02 22:44:59
673,Veraval,20.9,70.3667,71.51,80,15,11.99,few clouds,2022-02-02 22:47:46
674,Najran,17.4924,44.1277,56.05,42,3,3.11,clear sky,2022-02-02 22:47:47
675,New Kensington,40.5698,-79.7648,47.82,98,100,2.84,light rain,2022-02-02 22:45:04
676,Yurty,56.0498,97.6348,-4.18,99,100,2.1,overcast clouds,2022-02-02 22:47:47
677,Qui Nhon,13.7667,109.2333,72.84,86,96,7.92,overcast clouds,2022-02-02 22:47:47
678,Nagato,34.3833,131.2,42.71,58,100,13.69,overcast clouds,2022-02-02 22:47:48
679,Craig,40.5153,-107.5464,18.36,67,0,11.5,clear sky,2022-02-02 22:47:48
680,Xapuri,-10.6517,-68.5044,75.99,94,89,2.01,overcast clouds,2022-02-02 22:47:48
681,Voskresenskoye,56.8381,45.4317,5.94,100,89,3.13,light snow,2022-02-02 22:47:49
682,Pathalgaon,22.5667,83.4667,57.15,46,1,4.21,clear sky,2022-02-02 22:47:49
683,Along,28.1667,94.7667,47.16,90,40,2.04,scattered clouds,2022-02-02 22:47:49
684,Tartagal,-22.5164,-63.8013,80.83,55,46,8.46,scattered clouds,2022-02-02 22:47:50
685,Evanston,42.0411,-87.6901,22.05,84,100,4.0,overcast clouds,2022-02-02 22:45:02
686,Borovskoy,53.8,64.15,17.44,96,98,8.28,overcast clouds,2022-02-02 22:47:50
687,Nouadhibou,20.931,-17.0347,71.58,56,1,14.97,sand,2022-02-02 22:43:52
688,Smoky Lake,54.1169,-112.4686,-10.44,70,97,11.5,overcast clouds,2022-02-02 22:43:11
689,Traralgon,-38.1833,146.5333,64.42,64,92,7.14,overcast clouds,2022-02-02 22:47:50
690,Pindushi,62.9152,34.58,5.04,98,95,3.31,overcast clouds,2022-02-02 22:47:51
691,Galesong,-5.3166,119.3661,75.22,81,100,3.51,overcast clouds,2022-02-02 22:47:51
692,Boshnyakovo,49.6333,142.1667,2.91,91,91,9.04,overcast clouds,2022-02-02 22:48:52
